No,Kode,Name of Bank,Year, lnaudifee , crd , covid , crd*covid , crg , cause , impact ,LnBankSize,Leverage,NPL,Efficiency Ratio,Securities Investment,caratio,NetLoss,GOING CONCERN,BIG-4,initial,GDPG (%),,
1,BBRI,Bank Rakyat Indonesia (Persero) Tbk.,2015, 13.16 ,0.17,0.00,0.00,0.50,0.00,0.00,24.839,0.87,0.020,0.36,0.9925,0.21,0,0,1,1,4.8763,,
1,BBRI,Bank Rakyat Indonesia (Persero) Tbk.,2016, 13.17 ,0.17,0.00,0.00,0.50,0.00,0.00,24.996,0.85,0.020,0.38,0.9935,0.23,0,0,1,0,5.0331,,
1,BBRI,Bank Rakyat Indonesia (Persero) Tbk.,2017, 13.21 ,0.17,0.00,0.00,0.50,0.00,0.00,25.098,0.85,0.021,0.37,0.9942,0.23,0,0,1,0,5.0698,,
1,BBRI,Bank Rakyat Indonesia (Persero) Tbk.,2018, 13.26 ,0.17,0.00,0.00,0.50,0.00,0.00,25.169,0.85,0.021,0.37,0.9949,0.21,0,0,1,0,5.1743,,
1,BBRI,Bank Rakyat Indonesia (Persero) Tbk.,2019, 13.54 ,0.25,0.00,0.00,0.50,0.00,0.50,25.294,0.85,0.026,0.36,0.9955,0.23,0,0,1,0,5.0182,,
1,BBRI,Bank Rakyat Indonesia (Persero) Tbk.,2020, 13.88 ,0.50,1.00,0.50,1.00,0.00,1.00,25.336,0.86,0.029,0.42,0.9958,0.21,0,0,1,0,-2.0695,,
2,AGRS,Bank IBK Indonesia Tbk.,2020, 11.41 ,0.17,1.00,0.17,0.25,0.00,0.50,20.365,0.81,0.051,0.79,0.8898,0.30,1,0,0,1,-2.0695,,
3,BABP,Bank MNC Internasional Tbk.,2015, 10.83 ,0.17,0.00,0.00,0.50,0.00,0.00,20.595,0.86,0.030,0.37,0.8376,0.18,0,0,1,0,4.8763,,
3,BABP,Bank MNC Internasional Tbk.,2016, 10.98 ,0.17,0.00,0.00,0.50,0.00,0.00,20.695,0.86,0.028,0.39,0.8409,0.20,0,0,1,0,5.0331,,
3,BABP,Bank MNC Internasional Tbk.,2017, 11.22 ,0.17,0.00,0.00,0.50,0.00,0.00,20.488,0.88,0.072,0.54,0.7989,0.13,1,0,1,0,5.0698,,
3,BABP,Bank MNC Internasional Tbk.,2018, 10.36 ,0.17,0.00,0.00,0.50,0.00,0.00,20.435,0.87,0.057,0.56,0.7959,0.16,0,0,0,1,5.1743,,
3,BABP,Bank MNC Internasional Tbk.,2019, 10.37 ,0.25,0.00,0.00,0.50,0.00,0.50,20.453,0.85,0.058,0.49,0.7818,0.15,0,0,0,1,5.0182,,
3,BABP,Bank MNC Internasional Tbk.,2020, 10.34 ,0.25,1.00,0.25,0.50,0.00,0.50,20.532,0.87,0.057,0.54,0.8044,0.16,0,0,0,0,-2.0695,,
5,BBCA,Bank Central Asia Tbk.,2015, 13.17 ,0.33,0.00,0.00,0.75,0.14,0.00,24.466,0.85,0.007,0.45,0.9973,0.19,0,0,1,0,4.8763,,
5,BBCA,Bank Central Asia Tbk.,2016, 13.22 ,0.33,0.00,0.00,0.75,0.14,0.00,24.621,0.84,0.013,0.45,0.9977,0.22,0,0,1,0,5.0331,,
5,BBCA,Bank Central Asia Tbk.,2017, 13.05 ,0.58,0.00,0.00,1.00,0.43,0.00,24.716,0.83,0.015,0.45,0.9979,0.23,0,0,1,1,5.0698,,
5,BBCA,Bank Central Asia Tbk.,2018, 13.02 ,0.33,0.00,0.00,0.75,0.14,0.00,24.746,0.82,0.014,0.47,0.9981,0.23,0,0,1,1,5.1743,,
5,BBCA,Bank Central Asia Tbk.,2019, 13.10 ,0.33,0.00,0.00,0.75,0.14,0.00,24.893,0.81,0.013,0.46,0.9983,0.24,0,0,1,0,5.0182,,
5,BBCA,Bank Central Asia Tbk.,2020, 13.16 ,0.42,1.00,0.42,0.75,0.29,0.00,25.039,0.83,0.018,0.43,0.9986,0.26,0,0,1,0,-2.0695,,
6,BBKP,Bank KB Bukopin Tbk.,2015, 11.81 ,0.33,0.00,0.00,0.50,0.29,0.00,22.591,0.92,0.028,0.31,0.9871,0.14,0,0,1,1,4.8763,,
6,BBKP,Bank KB Bukopin Tbk.,2016, 11.81 ,0.33,0.00,0.00,0.50,0.29,0.00,22.697,0.93,0.048,0.31,0.9883,0.12,0,0,1,0,5.0331,,
6,BBKP,Bank KB Bukopin Tbk.,2017, 11.91 ,0.17,0.00,0.00,0.50,0.00,0.00,22.731,0.93,0.085,0.31,0.9888,0.11,0,0,1,0,5.0698,,
6,BBKP,Bank KB Bukopin Tbk.,2018, 12.09 ,0.17,0.00,0.00,0.50,0.00,0.00,22.556,0.91,0.067,0.35,0.9845,0.13,0,0,1,0,5.1743,,
6,BBKP,Bank KB Bukopin Tbk.,2019, 12.25 ,0.17,0.00,0.00,0.50,0.00,0.00,22.643,0.91,0.060,0.36,0.9857,0.13,0,1,1,1,5.0182,,
6,BBKP,Bank KB Bukopin Tbk.,2020, 11.61 ,0.25,1.00,0.25,0.50,0.00,0.50,22.417,0.89,0.102,0.52,0.9562,0.12,1,0,0,1,-2.0695,,
7,BBMD,Bank Mestika Dharma Tbk.,2015, 10.25 ,0.17,0.00,0.00,0.50,0.00,0.00,20.341,0.76,0.023,0.31,0.9104,0.28,0,0,0,0,4.8763,,
7,BBMD,Bank Mestika Dharma Tbk.,2016, 10.26 ,0.17,0.00,0.00,0.50,0.00,0.00,20.485,0.75,0.036,0.31,0.9220,0.35,0,0,0,0,5.0331,,
7,BBMD,Bank Mestika Dharma Tbk.,2017, 10.25 ,0.25,0.00,0.00,0.50,0.14,0.00,20.587,0.74,0.026,0.34,0.9299,0.35,0,0,0,1,5.0698,,
7,BBMD,Bank Mestika Dharma Tbk.,2018, 10.19 ,0.58,0.00,0.00,0.75,0.57,0.00,20.543,0.74,0.023,0.34,0.9312,0.35,0,0,0,1,5.1743,,
7,BBMD,Bank Mestika Dharma Tbk.,2019, 10.20 ,0.17,0.00,0.00,0.50,0.00,0.00,20.649,0.73,0.023,0.35,0.9377,0.39,0,0,0,1,5.0182,,
7,BBMD,Bank Mestika Dharma Tbk.,2020, 10.22 ,0.25,1.00,0.25,0.50,0.00,0.50,20.727,0.72,0.017,0.34,0.9441,0.47,0,0,0,1,-2.0695,,
8,BBNI,Bank Negara Indonesia (Persero) Tbk.,2015, 13.35 ,0.17,0.00,0.00,0.50,0.00,0.00,24.270,0.85,0.027,0.4,0.9805,0.19,0,0,1,0,4.8763,,
8,BBNI,Bank Negara Indonesia (Persero) Tbk.,2016, 13.20 ,0.17,0.00,0.00,0.50,0.00,0.00,24.462,0.85,0.007,0.39,0.9838,0.19,0,0,1,0,5.0331,,
8,BBNI,Bank Negara Indonesia (Persero) Tbk.,2017, 13.20 ,0.17,0.00,0.00,0.50,0.00,0.00,24.612,0.86,0.023,0.38,0.9861,0.19,0,0,1,0,5.0698,,
8,BBNI,Bank Negara Indonesia (Persero) Tbk.,2018, 13.30 ,0.50,0.00,0.00,1.00,0.29,0.00,24.677,0.86,0.019,0.36,0.9878,0.19,0,0,1,1,5.1743,,
8,BBNI,Bank Negara Indonesia (Persero) Tbk.,2019, 13.72 ,0.58,0.00,0.00,1.00,0.43,0.00,24.751,0.85,0.023,0.36,0.9886,0.20,0,0,1,1,5.0182,,
8,BBNI,Bank Negara Indonesia (Persero) Tbk.,2020, 13.67 ,0.25,1.00,0.25,0.50,0.14,0.00,24.784,0.87,0.043,0.38,0.9893,0.17,0,0,1,0,-2.0695,,
9,AGRO,Bank Rakyat Indonesia Agroniaga Tbk.,2015, 11.17 ,0.17,0.00,0.00,0.50,0.00,0.00,20.223,0.84,0.019,0.26,0.8586,0.22,0,0,1,0,4.8763,,
9,AGRO,Bank Rakyat Indonesia Agroniaga Tbk.,2016, 11.17 ,0.25,0.00,0.00,0.75,0.00,0.00,20.557,0.83,0.029,0.22,0.8640,0.24,0,0,1,0,5.0331,,
9,AGRO,Bank Rakyat Indonesia Agroniaga Tbk.,2017, 11.24 ,0.25,0.00,0.00,0.75,0.00,0.00,20.910,0.81,0.026,0.19,0.8889,0.30,0,0,1,0,5.0698,,
9,AGRO,Bank Rakyat Indonesia Agroniaga Tbk.,2018, 11.25 ,0.25,0.00,0.00,0.75,0.00,0.00,21.199,0.81,0.029,0.16,0.9069,0.28,0,0,1,0,5.1743,,
9,AGRO,Bank Rakyat Indonesia Agroniaga Tbk.,2019, 11.34 ,0.33,0.00,0.00,1.00,0.00,0.00,21.390,0.83,0.077,0.15,0.9225,0.24,0,0,1,0,5.0182,,
9,AGRO,Bank Rakyat Indonesia Agroniaga Tbk.,2020, 11.53 ,0.33,1.00,0.33,1.00,0.00,0.00,21.409,0.85,0.050,0.16,0.9263,0.24,0,0,1,0,-2.0695,,
10,BBTN,Bank Tabungan Negara (Persero) Tbk.,2015, 11.90 ,0.17,0.00,0.00,0.50,0.00,0.00,23.245,0.92,0.034,0.56,0.9683,0.17,0,0,1,0,4.8763,,
10,BBTN,Bank Tabungan Negara (Persero) Tbk.,2016, 12.00 ,0.25,0.00,0.00,0.75,0.00,0.00,23.492,0.91,0.028,0.54,0.9750,0.20,0,0,1,0,5.0331,,
10,BBTN,Bank Tabungan Negara (Persero) Tbk.,2017, 12.05 ,0.25,0.00,0.00,0.75,0.00,0.00,23.683,0.92,0.027,0.53,0.9795,0.19,0,0,1,0,5.0698,,
10,BBTN,Bank Tabungan Negara (Persero) Tbk.,2018, 12.02 ,0.25,0.00,0.00,0.75,0.00,0.00,23.775,0.92,0.028,0.56,0.9824,0.18,0,0,1,0,5.1743,,
10,BBTN,Bank Tabungan Negara (Persero) Tbk.,2019, 12.14 ,0.25,0.00,0.00,0.75,0.00,0.00,23.834,0.92,0.048,0.65,0.9833,0.17,0,0,1,0,5.0182,,
10,BBTN,Bank Tabungan Negara (Persero) Tbk.,2020, 12.31 ,0.25,1.00,0.25,0.75,0.00,0.00,23.966,0.94,0.044,0.64,0.9858,0.19,0,0,1,0,-2.0695,,
11,BCIC,Bank JTrust Indonesia Tbk.,2019, 12.71 ,0.17,0.00,0.00,0.50,0.00,0.00,20.943,0.9,0.015,0.5,0.3062,0.15,0,1,0,0,5.0182,,
11,BCIC,Bank JTrust Indonesia Tbk.,2020, 12.30 ,0.25,1.00,0.25,0.50,0.00,0.50,20.862,0.91,0.050,0.6,0.2704,0.12,1,1,0,0,-2.0695,,
12,BDMN,Bank Danamon Indonesia Tbk.,2015, 12.63 ,0.42,0.00,0.00,0.50,0.43,0.00,23.187,0.79,0.030,0.37,0.9625,0.21,0,0,1,0,4.8763,,
12,BDMN,Bank Danamon Indonesia Tbk.,2016, 12.64 ,0.58,0.00,0.00,1.00,0.43,0.00,23.132,0.76,0.031,0.39,0.9601,0.22,0,0,1,0,5.0331,,
12,BDMN,Bank Danamon Indonesia Tbk.,2017, 12.69 ,0.42,0.00,0.00,1.00,0.14,0.00,23.150,0.75,0.028,0.43,0.9611,0.23,0,0,1,1,5.0698,,
12,BDMN,Bank Danamon Indonesia Tbk.,2018, 12.64 ,0.58,0.00,0.00,1.00,0.43,0.00,23.123,0.74,0.027,0.44,0.9624,0.23,0,0,1,1,5.1743,,
12,BDMN,Bank Danamon Indonesia Tbk.,2019, 12.65 ,0.33,0.00,0.00,1.00,0.00,0.00,23.227,0.74,0.030,0.44,0.9653,0.25,0,0,1,0,5.0182,,
12,BDMN,Bank Danamon Indonesia Tbk.,2020, 12.81 ,0.58,1.00,0.58,1.00,0.14,1.00,23.276,0.76,0.028,0.4,0.9680,0.26,0,0,1,0,-2.0695,,
13,BEKS,Bank Pembangunan Daerah Banten Tbk.,2015, 10.52 ,0.00,0.00,0.00,0.00,0.00,0.00,19.885,0.95,0.059,0.65,0.8143,0.08,1,1,0,1,4.8763,,
13,BEKS,Bank Pembangunan Daerah Banten Tbk.,2016, 10.58 ,0.08,0.00,0.00,0.25,0.00,0.00,19.784,0.84,0.057,0.99,0.6086,0.13,1,1,0,1,5.0331,,
13,BEKS,Bank Pembangunan Daerah Banten Tbk.,2017, 10.48 ,0.17,0.00,0.00,0.50,0.00,0.00,20.153,0.9,0.054,0.65,0.7309,0.10,1,1,0,0,5.0698,,
13,BEKS,Bank Pembangunan Daerah Banten Tbk.,2018, 10.51 ,0.25,0.00,0.00,0.50,0.14,0.00,20.300,0.93,0.059,0.52,0.7816,0.10,1,1,0,0,5.1743,,
13,BEKS,Bank Pembangunan Daerah Banten Tbk.,2019, 10.52 ,0.17,0.00,0.00,0.50,0.00,0.00,20.183,0.93,0.050,0.56,0.7530,0.09,1,1,0,0,5.0182,,
13,BEKS,Bank Pembangunan Daerah Banten Tbk.,2020, 10.56 ,0.25,1.00,0.25,0.50,0.00,0.50,19.751,0.74,0.221,0.79,0.6061,0.35,1,1,0,1,-2.0695,,
14,BINA,Bank Ina Perdana Tbk.,2015, 10.66 ,0.08,0.00,0.00,0.25,0.00,0.00,18.832,0.85,0.002,0.27,0.8961,0.20,0,0,1,1,4.8763,,
14,BINA,Bank Ina Perdana Tbk.,2016, 10.70 ,0.08,0.00,0.00,0.25,0.00,0.00,18.984,0.8,0.031,0.28,0.8834,0.30,0,0,1,1,5.0331,,
14,BINA,Bank Ina Perdana Tbk.,2017, 10.67 ,0.17,0.00,0.00,0.50,0.00,0.00,19.256,0.61,0.046,0.35,0.9117,0.66,0,0,1,0,5.0698,,
14,BINA,Bank Ina Perdana Tbk.,2018, 10.72 ,0.17,0.00,0.00,0.50,0.00,0.00,19.400,0.69,0.024,0.37,0.9281,0.55,0,0,1,0,5.1743,,
14,BINA,Bank Ina Perdana Tbk.,2019, 10.93 ,0.33,0.00,0.00,0.75,0.00,0.50,19.752,0.77,0.048,0.37,0.9491,0.37,0,0,1,0,5.0182,,
14,BINA,Bank Ina Perdana Tbk.,2020, 11.13 ,0.33,1.00,0.33,0.75,0.00,0.50,20.209,0.86,0.014,0.36,0.9352,0.40,0,0,1,0,-2.0695,,
15,BJBR,Bank Pembangunan Daerah Jawa Barat Tbk.,2015, 11.89 ,0.17,0.00,0.00,0.50,0.00,0.00,22.614,0.86,0.029,0.88,0.9727,0.16,0,0,1,1,4.8763,,
15,BJBR,Bank Pembangunan Daerah Jawa Barat Tbk.,2016, 11.99 ,0.17,0.00,0.00,0.50,0.00,0.00,22.763,0.85,0.017,0.93,0.9763,0.18,0,0,1,0,5.0331,,
15,BJBR,Bank Pembangunan Daerah Jawa Barat Tbk.,2017, 12.08 ,0.17,0.00,0.00,0.50,0.00,0.00,22.874,0.86,0.015,0.93,0.9789,0.19,0,0,1,0,5.0698,,
15,BJBR,Bank Pembangunan Daerah Jawa Barat Tbk.,2018, 11.81 ,0.17,0.00,0.00,0.50,0.00,0.00,22.857,0.87,0.017,4.97,0.9795,0.19,0,0,1,0,5.1743,,
15,BJBR,Bank Pembangunan Daerah Jawa Barat Tbk.,2019, 12.16 ,0.17,0.00,0.00,0.50,0.00,0.00,22.890,0.86,0.016,0.89,0.9801,0.18,0,0,1,0,5.0182,,
15,BJBR,Bank Pembangunan Daerah Jawa Barat Tbk.,2020, 11.92 ,0.17,1.00,0.17,0.50,0.00,0.00,22.992,0.87,0.014,5.3,0.9826,0.17,0,0,1,0,-2.0695,,
16,BJTM,Bank Pembangunan Daerah Jawa Timur Tbk.,2015, 11.12 ,0.17,0.00,0.00,0.50,0.00,0.00,21.856,0.85,0.043,0.36,0.9102,0.21,0,0,0,1,4.8763,,
16,BJTM,Bank Pembangunan Daerah Jawa Timur Tbk.,2016, 11.05 ,0.17,0.00,0.00,0.50,0.00,0.00,21.887,0.83,0.048,0.38,0.9123,0.24,0,0,0,1,5.0331,,
16,BJTM,Bank Pembangunan Daerah Jawa Timur Tbk.,2017, 10.66 ,0.17,0.00,0.00,0.50,0.00,0.00,22.059,0.85,0.046,0.42,0.9264,0.25,0,0,0,0,5.0698,,
16,BJTM,Bank Pembangunan Daerah Jawa Timur Tbk.,2018, 11.10 ,0.17,0.00,0.00,0.50,0.00,0.00,22.189,0.86,0.038,0.44,0.9392,0.24,0,0,0,0,5.1743,,
16,BJTM,Bank Pembangunan Daerah Jawa Timur Tbk.,2019, 11.13 ,0.33,0.00,0.00,1.00,0.00,0.00,22.432,0.88,0.028,0.4,0.9520,0.22,0,0,0,0,5.0182,,
16,BJTM,Bank Pembangunan Daerah Jawa Timur Tbk.,2020, 11.53 ,0.33,1.00,0.33,1.00,0.00,0.00,22.503,0.88,0.040,0.4,0.9566,0.22,0,1,0,1,-2.0695,,
17,BKSW,Bank QNB Indonesia Tbk.,2015, 11.10 ,0.25,0.00,0.00,0.75,0.00,0.00,21.348,0.91,0.026,0.3,0.9124,0.16,0,0,1,0,4.8763,,
17,BKSW,Bank QNB Indonesia Tbk.,2016, 11.52 ,0.25,0.00,0.00,0.75,0.00,0.00,21.319,0.86,0.069,0.32,0.9093,0.16,1,0,1,0,5.0331,,
17,BKSW,Bank QNB Indonesia Tbk.,2017, 11.36 ,0.17,0.00,0.00,0.50,0.00,0.00,21.321,0.84,0.019,0.41,0.8254,0.20,1,0,1,0,5.0698,,
17,BKSW,Bank QNB Indonesia Tbk.,2018, 11.46 ,0.17,0.00,0.00,0.50,0.00,0.00,21.070,0.77,0.025,0.46,0.7463,0.27,0,0,1,1,5.1743,,
17,BKSW,Bank QNB Indonesia Tbk.,2019, 11.56 ,0.17,0.00,0.00,0.50,0.00,0.00,21.228,0.8,0.056,0.36,0.7819,0.21,0,0,0,1,5.0182,,
17,BKSW,Bank QNB Indonesia Tbk.,2020, 11.45 ,0.25,1.00,0.25,0.50,0.00,0.50,20.984,0.78,0.047,0.4,0.7299,0.25,1,0,0,1,-2.0695,,
18,BMAS,Bank Maspion Indonesia Tbk.,2015, 10.71 ,0.25,0.00,0.00,0.50,0.14,0.00,19.775,0.84,0.005,0.31,0.9258,0.19,0,0,1,1,4.8763,,
18,BMAS,Bank Maspion Indonesia Tbk.,2016, 10.80 ,0.25,0.00,0.00,0.50,0.14,0.00,19.827,0.8,0.009,0.33,0.9291,0.24,0,0,1,0,5.0331,,
18,BMAS,Bank Maspion Indonesia Tbk.,2017, 10.79 ,0.33,0.00,0.00,0.75,0.14,0.00,19.918,0.81,0.015,0.35,0.9257,0.22,0,0,1,0,5.0698,,
18,BMAS,Bank Maspion Indonesia Tbk.,2018, 10.84 ,0.33,0.00,0.00,0.75,0.14,0.00,19.952,0.82,0.021,0.37,0.9325,0.21,0,0,1,0,5.1743,,
18,BMAS,Bank Maspion Indonesia Tbk.,2019, 10.57 ,0.25,0.00,0.00,0.75,0.00,0.00,20.115,0.84,0.023,0.33,0.9423,0.20,0,0,1,0,5.0182,,
18,BMAS,Bank Maspion Indonesia Tbk.,2020, 10.59 ,0.42,1.00,0.42,1.00,0.00,0.50,20.390,0.87,0.019,0.32,0.9575,0.17,0,0,1,0,-2.0695,,
19,BMRI,Bank Mandiri (Persero) Tbk.,2015, 13.21 ,0.42,0.00,0.00,0.75,0.43,0.00,24.793,0.86,0.023,0.36,0.9851,0.19,0,0,1,1,4.8763,,
19,BMRI,Bank Mandiri (Persero) Tbk.,2016, 13.29 ,0.17,0.00,0.00,0.50,0.00,0.00,24.948,0.84,0.040,0.37,0.9872,0.21,0,0,1,1,5.0331,,
19,BMRI,Bank Mandiri (Persero) Tbk.,2017, 13.52 ,0.25,0.00,0.00,0.50,0.14,0.00,25.003,0.84,0.035,0.42,0.9879,0.22,0,0,1,0,5.0698,,
19,BMRI,Bank Mandiri (Persero) Tbk.,2018, 13.64 ,0.42,0.00,0.00,1.00,0.14,0.00,24.995,0.83,0.028,0.43,0.9886,0.21,0,0,1,0,5.1743,,
19,BMRI,Bank Mandiri (Persero) Tbk.,2019, 13.70 ,0.42,0.00,0.00,1.00,0.14,0.00,25.120,0.83,0.024,0.4,0.9898,0.21,0,0,1,0,5.0182,,
19,BMRI,Bank Mandiri (Persero) Tbk.,2020, 13.72 ,0.67,1.00,0.67,1.00,0.57,0.00,25.174,0.85,0.033,0.43,0.9907,0.20,0,0,1,0,-2.0695,,
20,BNBA,Bank Bumi Arta Tbk.,2017, 10.62 ,0.17,0.00,0.00,0.50,0.00,0.00,20.065,0.81,0.017,0.35,0.9667,0.26,0,0,1,0,5.0698,,
20,BNBA,Bank Bumi Arta Tbk.,2018, 10.62 ,0.08,0.00,0.00,0.25,0.00,0.00,20.038,0.8,0.015,0.38,0.9678,0.26,0,0,1,0,5.1743,,
20,BNBA,Bank Bumi Arta Tbk.,2019, 11.17 ,0.17,0.00,0.00,0.25,0.00,0.50,20.120,0.8,0.015,0.39,0.9702,0.24,0,0,1,1,5.0182,,
20,BNBA,Bank Bumi Arta Tbk.,2020, 11.70 ,0.25,1.00,0.25,0.50,0.00,0.50,20.110,0.8,0.026,0.39,0.9707,0.26,0,0,1,1,-2.0695,,
21,BNGA,Bank CIMB Niaga Tbk.,2015, 13.29 ,0.17,0.00,0.00,0.50,0.00,0.00,23.551,0.88,0.037,0.34,0.9929,0.16,0,0,1,0,4.8763,,
21,BNGA,Bank CIMB Niaga Tbk.,2016, 13.77 ,0.17,0.00,0.00,0.50,0.00,0.00,23.593,0.86,0.039,0.35,0.9931,0.18,0,0,1,0,5.0331,,
21,BNGA,Bank CIMB Niaga Tbk.,2017, 13.34 ,0.33,0.00,0.00,0.75,0.14,0.00,23.694,0.86,0.038,0.37,0.9938,0.18,0,0,1,0,5.0698,,
21,BNGA,Bank CIMB Niaga Tbk.,2018, 13.87 ,0.17,0.00,0.00,0.50,0.00,0.00,23.631,0.85,0.031,0.42,0.9938,0.19,0,0,1,0,5.1743,,
21,BNGA,Bank CIMB Niaga Tbk.,2019, 13.80 ,0.33,0.00,0.00,1.00,0.00,0.00,23.699,0.84,0.028,0.46,0.9942,0.21,0,0,1,0,5.0182,,
21,BNGA,Bank CIMB Niaga Tbk.,2020, 13.38 ,0.50,1.00,0.50,1.00,0.14,0.50,23.707,0.86,0.036,0.46,0.9944,0.21,0,0,1,0,-2.0695,,
22,BNII,Bank Maybank Indonesia Tbk.,2015, 12.39 ,0.08,0.00,0.00,0.25,0.00,0.00,23.102,0.9,0.037,0.36,0.9746,0.15,0,0,1,1,4.8763,,
22,BNII,Bank Maybank Indonesia Tbk.,2016, 12.40 ,0.25,0.00,0.00,0.50,0.14,0.00,23.169,0.89,0.034,0.34,0.9761,0.17,0,0,1,1,5.0331,,
22,BNII,Bank Maybank Indonesia Tbk.,2017, 12.44 ,0.33,0.00,0.00,0.75,0.14,0.00,23.192,0.88,0.028,0.37,0.9768,0.18,0,0,1,0,5.0698,,
22,BNII,Bank Maybank Indonesia Tbk.,2018, 12.43 ,0.25,0.00,0.00,0.50,0.14,0.00,23.146,0.86,0.026,0.4,0.9760,0.19,0,0,1,0,5.1743,,
22,BNII,Bank Maybank Indonesia Tbk.,2019, 12.43 ,0.42,0.00,0.00,1.00,0.14,0.00,23.133,0.85,0.036,0.4,0.9755,0.21,0,0,1,0,5.0182,,
22,BNII,Bank Maybank Indonesia Tbk.,2020, 12.73 ,0.50,1.00,0.50,1.00,0.14,0.50,23.168,0.85,0.041,0.44,0.9771,0.24,0,0,1,0,-2.0695,,
23,BNLI,Bank Permata Tbk.,2015, 13.04 ,0.17,0.00,0.00,0.50,0.00,0.00,23.337,0.9,0.027,0.27,0.9901,0.15,0,0,1,0,4.8763,,
23,BNLI,Bank Permata Tbk.,2016, 13.03 ,0.17,0.00,0.00,0.50,0.00,0.00,23.233,0.88,0.088,0.33,0.9809,0.16,1,0,1,0,5.0331,,
23,BNLI,Bank Permata Tbk.,2017, 13.00 ,0.25,0.00,0.00,0.50,0.14,0.00,23.114,0.86,0.046,0.42,0.9737,0.18,0,0,1,1,5.0698,,
23,BNLI,Bank Permata Tbk.,2018, 12.99 ,0.25,0.00,0.00,0.50,0.14,0.00,23.078,0.85,0.044,0.47,0.9744,0.19,0,0,1,1,5.1743,,
23,BNLI,Bank Permata Tbk.,2019, 13.13 ,0.42,0.00,0.00,1.00,0.00,0.50,23.174,0.85,0.028,0.47,0.9766,0.20,0,0,1,0,5.0182,,
23,BNLI,Bank Permata Tbk.,2020, 13.04 ,0.25,1.00,0.25,0.50,0.00,0.50,23.316,0.82,0.029,0.48,0.9803,0.36,0,0,1,0,-2.0695,,
24,BSIM,Bank Sinarmas Tbk.,2016, 10.31 ,0.17,0.00,0.00,0.50,0.00,0.00,21.566,0.86,0.021,0.64,0.9506,0.17,0,0,0,1,5.0331,,
24,BSIM,Bank Sinarmas Tbk.,2017, 11.12 ,0.17,0.00,0.00,0.50,0.00,0.00,21.532,0.84,0.038,0.58,0.9488,0.18,0,0,0,1,5.0698,,
24,BSIM,Bank Sinarmas Tbk.,2018, 11.13 ,0.17,0.00,0.00,0.50,0.00,0.00,21.476,0.84,0.047,0.63,0.9491,0.18,0,0,0,0,5.1743,,
24,BSIM,Bank Sinarmas Tbk.,2019, 11.20 ,0.17,0.00,0.00,0.50,0.00,0.00,21.690,0.83,0.078,0.69,0.9544,0.17,0,0,0,0,5.0182,,
24,BSIM,Bank Sinarmas Tbk.,2020, 11.14 ,0.25,1.00,0.25,0.50,0.00,0.50,21.875,0.86,0.048,0.83,0.9621,0.17,0,0,0,0,-2.0695,,
25,BSWD,Bank Of India Indonesia Tbk.,2016, 12.35 ,0.00,0.00,0.00,0.00,0.00,0.00,19.585,0.74,0.158,0.59,0.9512,0.35,1,1,0,1,5.0331,,
25,BSWD,Bank Of India Indonesia Tbk.,2017, 12.34 ,0.00,0.00,0.00,0.00,0.00,0.00,19.618,0.75,0.049,0.59,0.9380,0.43,1,1,0,1,5.0698,,
25,BSWD,Bank Of India Indonesia Tbk.,2018, 11.41 ,0.00,0.00,0.00,0.00,0.00,0.00,19.411,0.71,0.049,0.54,0.9275,0.39,0,1,0,1,5.1743,,
25,BSWD,Bank Of India Indonesia Tbk.,2019, 10.68 ,0.00,0.00,0.00,0.00,0.00,0.00,19.479,0.71,0.042,0.49,0.9319,0.46,0,0,0,0,5.0182,,
25,BSWD,Bank Of India Indonesia Tbk.,2020, 11.23 ,0.08,1.00,0.08,0.00,0.00,0.50,19.391,0.72,0.050,0.6,0.9278,0.45,1,0,0,1,-2.0695,,
26,BTPN,Bank BTPN Tbk.,2015, 12.76 ,0.17,0.00,0.00,0.50,0.00,0.00,22.437,0.82,0.007,0.36,0.9984,0.25,0,0,1,1,4.8763,,
26,BTPN,Bank BTPN Tbk.,2016, 12.85 ,0.17,0.00,0.00,0.50,0.00,0.00,22.565,0.82,0.008,0.41,0.9986,0.26,0,0,1,0,5.0331,,
26,BTPN,Bank BTPN Tbk.,2017, 12.94 ,0.17,0.00,0.00,0.50,0.00,0.00,22.583,0.82,0.009,0.49,0.9986,0.25,0,0,1,0,5.0698,,
26,BTPN,Bank BTPN Tbk.,2018, 12.91 ,0.17,0.00,0.00,0.50,0.00,0.00,22.556,0.82,0.012,0.41,0.9987,0.24,0,0,1,0,5.1743,,
26,BTPN,Bank BTPN Tbk.,2019, 13.15 ,0.17,0.00,0.00,0.50,0.00,0.00,23.212,0.84,0.008,0.37,0.9990,0.24,0,0,1,1,5.0182,,
26,BTPN,Bank BTPN Tbk.,2020, 13.28 ,0.33,1.00,0.33,0.75,0.00,0.50,23.202,0.83,0.012,0.43,0.9991,0.25,0,0,1,1,-2.0695,,
27,BVIC,Bank Victoria International Tbk.,2015, 11.57 ,0.17,0.00,0.00,0.50,0.00,0.00,21.193,0.9,0.045,0.14,0.9667,0.19,0,0,1,1,4.8763,,
27,BVIC,Bank Victoria International Tbk.,2016, 11.58 ,0.17,0.00,0.00,0.50,0.00,0.00,21.331,0.89,0.039,0.15,0.9677,0.25,0,0,1,0,5.0331,,
27,BVIC,Bank Victoria International Tbk.,2017, 11.63 ,0.25,0.00,0.00,0.50,0.14,0.00,21.418,0.9,0.031,0.15,0.9677,0.18,0,0,1,0,5.0698,,
27,BVIC,Bank Victoria International Tbk.,2018, 11.72 ,0.17,0.00,0.00,0.50,0.00,0.00,21.395,0.9,0.035,0.17,0.9689,0.17,0,0,1,0,5.1743,,
27,BVIC,Bank Victoria International Tbk.,2019, 11.57 ,0.17,0.00,0.00,0.50,0.00,0.00,21.443,0.9,0.068,0.18,0.9692,0.17,1,0,1,0,5.0182,,
27,BVIC,Bank Victoria International Tbk.,2020, 11.67 ,0.25,1.00,0.25,0.50,0.00,0.50,21.266,0.89,0.076,0.24,0.9643,0.17,1,0,1,0,-2.0695,,
28,DNAR,Bank Oke Indonesia Tbk.,2020, 9.78 ,0.25,1.00,0.25,0.50,0.00,0.50,19.913,0.6,0.035,0.52,0.8218,0.54,0,0,0,0,-2.0695,,
29,INPC,Bank Artha Graha Internasional Tbk.,2018, 11.00 ,0.17,0.00,0.00,0.50,0.00,0.00,21.309,0.82,0.060,0.44,0.9316,0.20,0,0,0,1,5.1743,,
29,INPC,Bank Artha Graha Internasional Tbk.,2019, 11.04 ,0.33,0.00,0.00,0.50,0.29,0.00,21.331,0.82,0.057,0.44,0.9326,0.19,1,1,0,0,5.0182,,
29,INPC,Bank Artha Graha Internasional Tbk.,2020, 11.14 ,0.25,1.00,0.25,0.50,0.00,0.50,21.495,0.88,0.046,0.46,0.9445,0.16,0,0,0,0,-2.0695,,
30,MAYA,Bank Mayapada Internasional Tbk.,2015, 11.50 ,0.17,0.00,0.00,0.50,0.00,0.00,21.956,0.9,0.025,0.16,0.9872,0.13,0,0,1,1,4.8763,,
30,MAYA,Bank Mayapada Internasional Tbk.,2016, 12.18 ,0.17,0.00,0.00,0.50,0.00,0.00,22.234,0.88,0.021,0.17,0.9893,0.13,0,0,1,1,5.0331,,
30,MAYA,Bank Mayapada Internasional Tbk.,2017, 11.43 ,0.17,0.00,0.00,0.50,0.00,0.00,22.431,0.89,0.057,0.17,0.9905,0.14,0,0,1,0,5.0698,,
30,MAYA,Bank Mayapada Internasional Tbk.,2018, 11.42 ,0.17,0.00,0.00,0.50,0.00,0.00,22.516,0.88,0.055,0.18,0.9907,0.16,0,0,0,1,5.1743,,
30,MAYA,Bank Mayapada Internasional Tbk.,2019, 12.16 ,0.25,0.00,0.00,0.50,0.00,0.50,22.628,0.87,0.039,0.17,0.9912,0.16,0,0,0,1,5.0182,,
30,MAYA,Bank Mayapada Internasional Tbk.,2020, 11.67 ,0.25,1.00,0.25,0.50,0.00,0.50,22.604,0.86,0.041,0.28,0.9912,0.15,0,1,0,0,-2.0695,,
31,MCOR,Bank China Construction Bank Indonesia Tbk.,2019, 11.95 ,0.17,0.00,0.00,0.50,0.00,0.00,21.030,0.85,0.025,0.38,0.9135,0.17,0,0,1,0,5.0182,,
31,MCOR,Bank China Construction Bank Indonesia Tbk.,2020, 11.68 ,0.25,1.00,0.25,0.50,0.00,0.50,21.305,0.76,0.029,0.4,0.8547,0.35,0,0,1,0,-2.0695,,
33,NISP,Bank OCBC NISP Tbk.,2015, 12.40 ,0.17,0.00,0.00,0.50,0.00,0.00,22.890,0.86,0.013,0.31,0.9752,0.17,0,0,1,1,4.8763,,
33,NISP,Bank OCBC NISP Tbk.,2016, 12.64 ,0.25,0.00,0.00,0.75,0.00,0.00,23.054,0.86,0.019,0.32,0.9788,0.18,0,0,1,0,5.0331,,
33,NISP,Bank OCBC NISP Tbk.,2017, 12.50 ,0.33,0.00,0.00,1.00,0.00,0.00,23.153,0.86,0.018,0.31,0.9809,0.18,0,0,1,0,5.0698,,
33,NISP,Bank OCBC NISP Tbk.,2018, 12.51 ,0.25,0.00,0.00,0.50,0.14,0.00,23.207,0.86,0.017,0.29,0.9830,0.18,0,0,1,0,5.1743,,
33,NISP,Bank OCBC NISP Tbk.,2019, 12.60 ,0.17,0.00,0.00,0.50,0.00,0.00,23.289,0.85,0.017,0.29,0.9843,0.19,0,0,1,1,5.0182,,
33,NISP,Bank OCBC NISP Tbk.,2020, 12.55 ,0.42,1.00,0.42,1.00,0.00,0.50,23.406,0.86,0.019,0.32,0.9864,0.22,0,0,1,1,-2.0695,,
35,PNBN,Bank Pan Indonesia Tbk,2015, 12.53 ,0.17,0.00,0.00,0.50,0.00,0.00,23.230,0.84,0.024,0.27,0.9853,0.20,0,0,1,1,4.8763,,
35,PNBN,Bank Pan Indonesia Tbk,2016, 12.56 ,0.17,0.00,0.00,0.50,0.00,0.00,23.339,0.84,0.028,0.26,0.9868,0.20,0,0,1,1,5.0331,,
35,PNBN,Bank Pan Indonesia Tbk,2017, 12.60 ,0.17,0.00,0.00,0.50,0.00,0.00,23.398,0.83,0.028,0.26,0.9876,0.22,0,0,1,0,5.0698,,
35,PNBN,Bank Pan Indonesia Tbk,2018, 12.72 ,0.17,0.00,0.00,0.50,0.00,0.00,23.292,0.81,0.030,0.28,0.9870,0.23,0,0,1,0,5.1743,,
35,PNBN,Bank Pan Indonesia Tbk,2019, 12.53 ,0.17,0.00,0.00,0.50,0.00,0.00,23.340,0.79,0.030,0.28,0.9876,0.24,0,0,1,0,5.0182,,
35,PNBN,Bank Pan Indonesia Tbk,2020, 12.61 ,0.42,1.00,0.42,1.00,0.00,0.50,23.382,0.79,0.030,0.35,0.9884,0.30,0,0,1,0,-2.0695,,
36,PNBS,Bank Panin Dubai Syariah Tbk.,2018, 11.35 ,0.08,0.00,0.00,0.25,0.00,0.00,20.222,0.81,0.048,3.81,0.7222,0.23,0,0,1,0,5.1743,,
36,PNBS,Bank Panin Dubai Syariah Tbk.,2019, 11.45 ,0.00,0.00,0.00,0.00,0.00,0.00,20.501,0.85,0.038,5.4,0.7886,0.14,0,0,1,0,5.0182,,
36,PNBS,Bank Panin Dubai Syariah Tbk.,2020, 11.45 ,0.17,1.00,0.17,0.25,0.00,0.50,20.502,0.72,0.034,3.77,0.6678,0.31,0,0,1,0,-2.0695,,
38,AMBANK,AMMB Holdings,2015, 13.26 ,0.17,0.00,0.00,0.50,0.00,0.00,21.625,0.13,0.018,16.19,0.6870,0.16,0,0,1,1,5.0915,,
38,AMBANK,AMMB Holdings,2016, 13.33 ,0.25,0.00,0.00,0.75,0.00,0.00,21.586,0.19,0.019,7.72,0.6935,0.16,0,0,1,1,4.4498,,
38,AMBANK,AMMB Holdings,2017, 13.27 ,0.25,0.00,0.00,0.75,0.00,0.00,21.770,0.18,0.019,0.37,0.5467,0.16,0,0,1,0,5.8127,,
38,AMBANK,AMMB Holdings,2018, 13.94 ,0.50,0.00,0.00,0.75,0.43,0.00,21.592,0.32,0.017,0.38,0.4233,0.17,0,0,1,0,4.7699,,
38,AMBANK,AMMB Holdings,2019, 14.18 ,0.50,0.00,0.00,1.00,0.29,0.00,21.562,0.05,0.016,5.06,0.3994,0.15,0,0,1,0,4.3028,,
38,AMBANK,AMMB Holdings,2020, 13.76 ,0.33,1.00,0.33,1.00,0.00,0.00,21.858,0.22,0.017,3.42,0.5519,0.16,0,0,1,0,-5.5877,,
39,CIMB MYL,CIMB Holdings,2015, 15.06 ,0.42,0.00,0.00,1.00,0.14,0.00,24.941,0.91,0.018,0.39,0.9679,0.16,0,0,1,1,5.0915,,
39,CIMB MYL,CIMB Holdings,2016, 15.07 ,0.50,0.00,0.00,0.75,0.43,0.00,24.929,0.9,0.019,0.35,0.9681,0.16,0,0,1,0,4.4498,,
39,CIMB MYL,CIMB Holdings,2017, 15.01 ,0.33,0.00,0.00,0.75,0.14,0.00,25.053,0.9,0.022,0.34,0.9321,0.18,0,0,1,0,5.8127,,
39,CIMB MYL,CIMB Holdings,2018, 15.41 ,0.33,0.00,0.00,0.75,0.14,0.00,25.077,0.9,0.022,0.33,0.9232,0.18,0,0,1,0,4.7699,,
39,CIMB MYL,CIMB Holdings,2019, 15.25 ,0.25,0.00,0.00,0.75,0.00,0.00,25.133,0.89,0.023,0.41,0.9241,0.19,0,0,1,0,4.3028,,
39,CIMB MYL,CIMB Holdings,2020, 15.10 ,0.33,1.00,0.33,0.75,0.00,0.50,25.205,0.9,0.030,0.46,0.9304,0.19,0,0,1,0,-5.5877,,
40,HLBANK,Hong Leong Bank,2015, 12.14 ,0.08,0.00,0.00,0.25,0.00,0.00,24.459,0.92,0.009,0.26,0.9885,0.14,0,0,1,0,5.0915,,
40,HLBANK,Hong Leong Bank,2016, 12.32 ,0.08,0.00,0.00,0.25,0.00,0.00,24.417,0.89,0.008,0.29,0.9870,0.15,0,0,1,0,4.4498,,
40,HLBANK,Hong Leong Bank,2017, 11.74 ,0.50,0.00,0.00,1.00,0.29,0.00,24.368,0.89,0.010,0.29,0.9530,0.16,0,0,1,0,5.8127,,
40,HLBANK,Hong Leong Bank,2018, 11.86 ,0.42,0.00,0.00,1.00,0.14,0.00,24.453,0.89,0.009,0.29,0.9540,0.16,0,0,1,0,4.7699,,
40,HLBANK,Hong Leong Bank,2019, 12.03 ,0.50,0.00,0.00,1.00,0.29,0.00,24.427,0.88,0.008,0.28,0.9540,0.16,0,0,1,0,4.3028,,
40,HLBANK,Hong Leong Bank,2020, 11.96 ,0.42,1.00,0.42,1.00,0.00,0.50,24.445,0.88,0.006,0.3,0.9554,0.16,0,0,1,0,-5.5877,,
41,MAYBANK,Malayan Banking,2015, 15.18 ,0.17,0.00,0.00,0.50,0.00,0.00,25.453,0.89,0.019,0.38,0.9780,0.18,0,0,1,1,5.0915,,
41,MAYBANK,Malayan Banking,2016, 15.19 ,0.33,0.00,0.00,1.00,0.00,0.00,25.416,0.88,0.024,0.35,0.9775,0.19,0,0,1,0,4.4498,,
41,MAYBANK,Malayan Banking,2017, 15.26 ,0.67,0.00,0.00,1.00,0.57,0.00,25.543,0.88,0.027,0.37,0.9170,0.19,0,0,1,0,5.8127,,
41,MAYBANK,Malayan Banking,2018, 15.53 ,0.67,0.00,0.00,1.00,0.57,0.00,25.419,0.86,0.034,0.33,0.8943,0.18,0,0,1,0,4.7699,,
41,MAYBANK,Malayan Banking,2019, 15.42 ,0.67,0.00,0.00,1.00,0.57,0.00,25.449,0.85,0.038,0.31,0.8966,0.19,0,0,1,0,4.3028,,
41,MAYBANK,Malayan Banking,2020, 15.45 ,0.50,1.00,0.50,1.00,0.29,0.00,25.494,0.85,0.030,0.37,0.9026,0.19,0,0,1,0,-5.5877,,
42,PBBANK,Public Bank,2015, 13.79 ,0.42,0.00,0.00,1.00,0.14,0.00,24.930,0.9,0.005,0.15,0.9852,0.16,0,0,1,0,5.0915,,
42,PBBANK,Public Bank,2016, 13.81 ,0.42,0.00,0.00,1.00,0.14,0.00,24.932,0.9,0.005,0.16,0.9861,0.15,0,0,1,0,4.4498,,
42,PBBANK,Public Bank,2017, 13.91 ,0.50,0.00,0.00,1.00,0.29,0.00,25.063,0.9,0.004,0.16,0.9714,0.16,0,0,1,0,5.8127,,
42,PBBANK,Public Bank,2018, 14.33 ,0.50,0.00,0.00,1.00,0.29,0.00,25.101,0.89,0.005,0.16,0.9707,0.16,0,0,1,0,4.7699,,
42,PBBANK,Public Bank,2019, 14.10 ,0.50,0.00,0.00,1.00,0.29,0.00,25.141,0.89,0.004,0.17,0.9726,0.16,0,0,1,0,4.3028,,
42,PBBANK,Public Bank,2020, 14.16 ,0.67,1.00,0.67,1.00,0.57,0.00,25.201,0.89,0.003,0.2,0.9745,0.17,0,0,1,0,-5.5877,,
43,BAY,Bank Of Ayudhya Public Company Limited,2015, 11.62 ,0.17,0.00,0.00,0.50,0.00,0.00,24.547,0.9,0.022,0.46,0.9531,0.14,0,0,1,0,3.1340,,
43,BAY,Bank Of Ayudhya Public Company Limited,2016, 11.86 ,0.17,0.00,0.00,0.50,0.00,0.00,24.643,0.9,0.022,0.49,0.9587,0.14,0,0,1,0,3.4352,,
43,BAY,Bank Of Ayudhya Public Company Limited,2017, 11.52 ,0.25,0.00,0.00,0.50,0.14,0.00,24.837,0.91,0.021,0.49,0.9646,0.16,0,0,1,0,4.1777,,
43,BAY,Bank Of Ayudhya Public Company Limited,2018, 11.48 ,0.25,0.00,0.00,0.50,0.14,0.00,24.869,0.9,0.021,0.45,0.9640,0.15,0,0,1,0,4.1896,,
43,BAY,Bank Of Ayudhya Public Company Limited,2019, 11.81 ,0.25,0.00,0.00,0.50,0.14,0.00,25.029,0.91,0.020,0.44,0.9680,0.17,0,0,1,0,2.2664,,
43,BAY,Bank Of Ayudhya Public Company Limited,2020, 10.52 ,0.50,1.00,0.50,1.00,0.29,0.00,25.129,0.91,0.020,0.45,0.9713,0.18,0,0,1,0,-6.0872,,
44,BBL,Bangkok Bank Public Company Limited,2015, 13.69 ,0.08,0.00,0.00,0.25,0.00,0.00,25.054,0.87,0.028,0.42,0.9927,0.18,0,0,1,0,3.1340,,
44,BBL,Bangkok Bank Public Company Limited,2016, 13.79 ,0.25,0.00,0.00,0.75,0.00,0.00,25.096,0.87,0.032,0.47,0.9932,0.18,0,0,1,0,3.4352,,
44,BBL,Bangkok Bank Public Company Limited,2017, 13.79 ,0.25,0.00,0.00,0.75,0.00,0.00,25.233,0.87,0.039,0.45,0.9938,0.18,0,0,1,0,4.1777,,
44,BBL,Bangkok Bank Public Company Limited,2018, 13.81 ,0.25,0.00,0.00,0.75,0.00,0.00,25.253,0.87,0.034,0.47,0.9936,0.18,0,0,1,0,4.1896,,
44,BBL,Bangkok Bank Public Company Limited,2019, 13.99 ,0.25,0.00,0.00,0.75,0.00,0.00,25.364,0.87,0.034,0.46,0.9941,0.20,0,0,1,0,2.2664,,
44,BBL,Bangkok Bank Public Company Limited,2020, 14.18 ,0.42,1.00,0.42,0.75,0.29,0.00,25.448,0.87,0.039,0.58,0.9946,0.20,0,0,1,0,-6.0872,,
45,CIMBT,Cimb Thai Bank Public Company Limited,2015, 12.67 ,0.00,0.00,0.00,0.00,0.00,0.00,22.853,0.91,0.031,0.45,0.9570,0.15,0,0,1,0,3.1340,,
45,CIMBT,Cimb Thai Bank Public Company Limited,2016, 12.67 ,0.17,0.00,0.00,0.50,0.00,0.00,22.834,0.91,0.061,0.48,0.9575,0.16,1,0,1,0,3.4352,,
45,CIMBT,Cimb Thai Bank Public Company Limited,2017, 12.73 ,0.08,0.00,0.00,0.25,0.00,0.00,22.928,0.89,0.047,0.51,0.9508,0.17,0,0,1,0,4.1777,,
45,CIMBT,Cimb Thai Bank Public Company Limited,2018, 12.76 ,0.08,0.00,0.00,0.25,0.00,0.00,23.103,0.9,0.043,0.53,0.9501,0.19,1,0,1,0,4.1896,,
45,CIMBT,Cimb Thai Bank Public Company Limited,2019, 12.86 ,0.08,0.00,0.00,0.25,0.00,0.00,23.275,0.9,0.047,0.51,0.9563,0.17,0,0,1,0,2.2664,,
45,CIMBT,Cimb Thai Bank Public Company Limited,2020, 13.07 ,0.25,1.00,0.25,0.25,0.14,0.50,23.323,0.9,0.046,0.58,0.9587,0.21,0,0,1,0,-6.0872,,
46,KBANK,Kasikornbank Public Company Limited,2015, 13.57 ,0.17,0.00,0.00,0.50,0.00,0.00,24.855,0.88,0.027,0.58,0.9888,0.17,0,0,1,0,3.1340,,
46,KBANK,Kasikornbank Public Company Limited,2016, 13.50 ,0.17,0.00,0.00,0.50,0.00,0.00,24.954,0.88,0.033,0.56,0.9901,0.18,0,0,1,0,3.4352,,
46,KBANK,Kasikornbank Public Company Limited,2017, 13.55 ,0.33,0.00,0.00,1.00,0.00,0.00,25.038,0.87,0.033,0.57,0.9906,0.17,0,0,1,0,4.1777,,
46,KBANK,Kasikornbank Public Company Limited,2018, 13.62 ,0.33,0.00,0.00,1.00,0.00,0.00,25.123,0.87,0.033,0.57,0.9909,0.17,0,0,1,0,4.1896,,
46,KBANK,Kasikornbank Public Company Limited,2019, 13.76 ,0.33,0.00,0.00,1.00,0.00,0.00,25.227,0.87,0.037,0.59,0.9915,0.19,0,0,1,0,2.2664,,
46,KBANK,Kasikornbank Public Company Limited,2020, 13.87 ,0.50,1.00,0.50,1.00,0.00,1.00,25.347,0.87,0.039,0.58,0.9926,0.18,0,0,1,0,-6.0872,,
47,KKP,Kiatnakin Phatra Bank PCL,2015, 12.87 ,0.08,0.00,0.00,0.25,0.00,0.00,22.538,0.83,0.058,0.4,0.9597,0.17,0,0,1,0,3.1340,,
47,KKP,Kiatnakin Phatra Bank PCL,2016, 12.68 ,0.17,0.00,0.00,0.50,0.00,0.00,22.540,0.82,0.056,0.45,0.9610,0.19,0,0,1,0,3.4352,,
47,KKP,Kiatnakin Phatra Bank PCL,2017, 12.86 ,0.17,0.00,0.00,0.50,0.00,0.00,22.738,0.84,0.050,0.44,0.9667,0.16,0,0,1,0,4.1777,,
47,KKP,Kiatnakin Phatra Bank PCL,2018, 13.08 ,0.17,0.00,0.00,0.50,0.00,0.00,22.931,0.86,0.041,0.44,0.9712,0.16,0,0,1,0,4.1896,,
47,KKP,Kiatnakin Phatra Bank PCL,2019, 13.17 ,0.17,0.00,0.00,0.50,0.00,0.00,23.018,0.86,0.040,0.4,0.9725,0.17,0,0,1,0,2.2664,,
47,KKP,Kiatnakin Phatra Bank PCL,2020, 13.15 ,0.17,1.00,0.17,0.50,0.00,0.00,23.191,0.87,0.032,0.36,0.9771,0.17,0,0,1,0,-6.0872,,
48,KTB,Krung Thai Bank Public Company Limited,2015, 12.45 ,0.33,0.00,0.00,1.00,0.00,0.00,25.053,0.91,0.032,0.36,0.9723,0.15,0,0,0,0,3.1340,,
48,KTB,Krung Thai Bank Public Company Limited,2016, 12.34 ,0.33,0.00,0.00,1.00,0.00,0.00,25.013,0.9,0.040,0.38,0.9721,0.17,0,0,0,0,3.4352,,
48,KTB,Krung Thai Bank Public Company Limited,2017, 12.44 ,0.33,0.00,0.00,1.00,0.00,0.00,25.164,0.9,0.042,0.39,0.9750,0.17,0,0,0,0,4.1777,,
48,KTB,Krung Thai Bank Public Company Limited,2018, 12.48 ,0.33,0.00,0.00,1.00,0.00,0.00,25.128,0.89,0.045,0.44,0.9728,0.18,0,0,0,0,4.1896,,
48,KTB,Krung Thai Bank Public Company Limited,2019, 12.58 ,0.33,0.00,0.00,1.00,0.00,0.00,25.292,0.9,0.043,0.45,0.9760,0.19,0,0,1,1,2.2664,,
48,KTB,Krung Thai Bank Public Company Limited,2020, 13.98 ,0.67,1.00,0.67,1.00,0.57,0.00,25.400,0.9,0.038,0.46,0.9786,0.19,0,0,1,1,-6.0872,,
49,LHFG,Lh Financial Group PCL,2015, 9.99 ,0.25,0.00,0.00,0.25,0.29,0.00,19.907,0.04,0.028,1.49,0.0993,0.14,0,0,1,0,3.1340,,
49,LHFG,Lh Financial Group PCL,2016, 10.03 ,0.25,0.00,0.00,0.25,0.29,0.00,19.979,0.03,0.028,2.13,0.1869,0.14,0,0,1,0,3.4352,,
49,LHFG,Lh Financial Group PCL,2017, 10.13 ,0.25,0.00,0.00,0.25,0.29,0.00,20.795,0.04,0.033,2.93,0.4193,0.22,0,0,1,0,4.1777,,
49,LHFG,Lh Financial Group PCL,2018, 10.21 ,0.25,0.00,0.00,0.75,0.00,0.00,20.954,0.16,0.035,4.99,0.4794,0.20,0,0,1,0,4.1896,,
49,LHFG,Lh Financial Group PCL,2019, 10.25 ,0.25,0.00,0.00,0.75,0.00,0.00,21.022,0.14,0.028,44.13,0.4940,0.19,0,0,1,0,2.2664,,
49,LHFG,Lh Financial Group PCL,2020, 10.29 ,0.67,1.00,0.67,1.00,0.29,1.00,21.023,0.18,0.054,65.38,0.4986,0.20,0,0,1,0,-6.0872,,
50,SCB,The Siam Commercial Bank PCL,2015, 13.52 ,0.17,0.00,0.00,0.50,0.00,0.00,24.984,0.89,0.029,0.4,0.9860,0.17,0,0,1,0,3.1340,,
50,SCB,The Siam Commercial Bank PCL,2016, 13.58 ,0.17,0.00,0.00,0.50,0.00,0.00,25.031,0.88,0.027,0.43,0.9870,0.17,0,0,1,0,3.4352,,
50,SCB,The Siam Commercial Bank PCL,2017, 13.67 ,0.25,0.00,0.00,0.75,0.00,0.00,25.147,0.88,0.028,0.48,0.9880,0.17,0,0,1,0,4.1777,,
50,SCB,The Siam Commercial Bank PCL,2018, 13.77 ,0.33,0.00,0.00,1.00,0.00,0.00,25.202,0.88,0.029,0.53,0.9881,0.17,0,0,1,0,4.1896,,
50,SCB,The Siam Commercial Bank PCL,2019, 13.83 ,0.50,0.00,0.00,1.00,0.29,0.00,25.307,0.87,0.034,0.54,0.9888,0.16,0,0,1,0,2.2664,,
50,SCB,The Siam Commercial Bank PCL,2020, 13.97 ,0.50,1.00,0.50,1.00,0.14,0.50,25.417,0.88,0.037,0.53,0.9901,0.18,0,0,1,0,-6.0872,,
51,TCAP,Thanachart Capital PCL,2015, 13.17 ,0.08,0.00,0.00,0.25,0.00,0.00,24.095,0.89,0.030,1.13,0.9872,0.15,0,0,1,0,3.1340,,
51,TCAP,Thanachart Capital PCL,2016, 13.17 ,0.08,0.00,0.00,0.25,0.00,0.00,24.033,0.88,0.024,1.1,0.9875,0.16,0,0,1,0,3.4352,,
51,TCAP,Thanachart Capital PCL,2017, 13.23 ,0.08,0.00,0.00,0.25,0.00,0.00,24.132,0.87,0.024,0.74,0.9886,0.15,0,0,1,0,4.1777,,
51,TCAP,Thanachart Capital PCL,2018, 13.35 ,0.25,0.00,0.00,0.75,0.00,0.00,24.215,0.87,0.024,0.71,0.9890,0.19,0,0,1,0,4.1896,,
51,TCAP,Thanachart Capital PCL,2019, 13.48 ,0.25,0.00,0.00,0.75,0.00,0.00,22.369,0.54,0.023,0.88,0.9276,0.20,0,0,1,0,2.2664,,
51,TCAP,Thanachart Capital PCL,2020, 12.50 ,0.42,1.00,0.42,0.75,0.14,0.50,22.227,0.48,0.030,0.82,0.9172,0.20,0,0,1,0,-6.0872,,
52,TISCO,Tisco Financial Group PCL,2015, 12.31 ,0.17,0.00,0.00,0.50,0.00,0.00,20.438,0.7,0.032,13.78,0.6890,0.18,0,0,1,0,3.1340,,
52,TISCO,Tisco Financial Group PCL,2016, 12.28 ,0.17,0.00,0.00,0.50,0.00,0.00,20.460,0.73,0.025,27.17,0.7049,0.20,0,0,1,0,3.4352,,
52,TISCO,Tisco Financial Group PCL,2017, 12.45 ,0.17,0.00,0.00,0.50,0.00,0.00,20.672,0.71,0.023,32.78,0.7517,0.19,0,0,1,0,4.1777,,
52,TISCO,Tisco Financial Group PCL,2018, 12.68 ,0.17,0.00,0.00,0.50,0.00,0.00,20.681,0.76,0.029,25.68,0.7414,0.21,0,0,1,0,4.1896,,
52,TISCO,Tisco Financial Group PCL,2019, 12.69 ,0.17,0.00,0.00,0.50,0.00,0.00,20.793,0.75,0.024,28.71,0.7594,0.21,0,0,1,0,2.2664,,
52,TISCO,Tisco Financial Group PCL,2020, 12.73 ,0.33,1.00,0.33,0.50,0.00,1.00,20.736,0.76,0.025,27.36,0.7474,0.22,0,0,1,0,-6.0872,,
53,TTB,Tmbthanachart Bank PCL,2015, 12.63 ,0.00,0.00,0.00,0.00,0.00,0.00,23.869,0.09,0.030,0.44,0.9478,0.17,0,0,1,0,3.1340,,
53,TTB,Tmbthanachart Bank PCL,2016, 12.67 ,0.00,0.00,0.00,0.00,0.00,0.00,23.825,0.1,0.025,0.45,0.9470,0.18,0,0,1,0,3.4352,,
53,TTB,Tmbthanachart Bank PCL,2017, 12.73 ,0.08,0.00,0.00,0.25,0.00,0.00,23.973,0.11,0.024,0.49,0.9524,0.17,0,0,1,0,4.1777,,
53,TTB,Tmbthanachart Bank PCL,2018, 12.77 ,0.25,0.00,0.00,0.75,0.00,0.00,24.033,0.11,0.028,0.48,0.9529,0.17,0,0,1,0,4.1896,,
53,TTB,Tmbthanachart Bank PCL,2019, 13.08 ,0.25,0.00,0.00,0.75,0.00,0.00,24.269,0.18,0.024,0.51,0.9150,0.30,0,0,1,0,2.2664,,
53,TTB,Tmbthanachart Bank PCL,2020, 13.65 ,0.33,1.00,0.33,1.00,0.00,0.00,24.415,0.17,0.025,0.55,0.9271,0.29,0,0,1,0,-6.0872,,
54,AUB,Asia United Bank Corporation,2015, 11.58 ,0.25,0.00,0.00,0.75,0.00,0.00,21.889,0.87,0.008,0.72,0.9668,0.14,0,0,1,1,6.3483,,
54,AUB,Asia United Bank Corporation,2016, 11.21 ,0.08,0.00,0.00,0.25,0.00,0.00,21.909,0.86,0.006,0.68,0.9688,0.19,0,0,1,0,7.1495,,
54,AUB,Asia United Bank Corporation,2017, 11.18 ,0.00,0.00,0.00,0.00,0.00,0.00,22.096,0.86,0.003,0.6,0.9756,0.16,0,0,1,0,6.9310,,
54,AUB,Asia United Bank Corporation,2018, 11.17 ,0.25,0.00,0.00,0.75,0.00,0.00,22.217,0.87,0.013,0.52,0.9793,0.15,0,0,1,0,6.3415,,
54,AUB,Asia United Bank Corporation,2019, 11.27 ,0.08,0.00,0.00,0.25,0.00,0.00,22.359,0.87,0.010,0.49,0.9818,0.18,0,0,1,0,6.1185,,
54,AUB,Asia United Bank Corporation,2020, 11.42 ,0.08,1.00,0.08,0.25,0.00,0.00,22.601,0.88,0.032,0.81,0.9850,0.18,0,0,1,0,-9.5730,,
55,BDO,"BDO Unibank, Inc.",2015, 12.41 ,0.17,0.00,0.00,0.50,0.00,0.00,24.439,0.9,0.010,0.64,0.8936,0.12,0,0,0,0,6.3483,,
55,BDO,"BDO Unibank, Inc.",2016, 12.24 ,0.17,0.00,0.00,0.50,0.00,0.00,24.507,0.9,0.011,0.61,0.8962,0.11,0,0,0,0,7.1495,,
55,BDO,"BDO Unibank, Inc.",2017, 12.56 ,0.17,0.00,0.00,0.25,0.14,0.00,24.647,0.88,0.010,0.57,0.8833,0.14,0,0,0,0,6.9310,,
55,BDO,"BDO Unibank, Inc.",2018, 12.35 ,0.17,0.00,0.00,0.50,0.00,0.00,24.728,0.89,0.008,0.52,0.8867,0.13,0,0,0,0,6.3415,,
55,BDO,"BDO Unibank, Inc.",2019, 12.76 ,0.33,0.00,0.00,0.50,0.29,0.00,24.824,0.88,0.010,0.46,0.8820,0.14,0,0,0,0,6.1185,,
55,BDO,"BDO Unibank, Inc.",2020, 12.55 ,0.17,1.00,0.17,0.50,0.00,0.00,24.933,0.88,0.025,0.47,0.8829,0.14,0,0,0,0,-9.5730,,
56,BPI,Bank of the Philippine Islands,2015, 12.49 ,0.00,0.00,0.00,0.00,0.00,0.00,23.958,0.91,0.016,0.63,0.9660,0.12,0,0,1,1,6.3483,,
56,BPI,Bank of the Philippine Islands,2016, 12.49 ,0.00,0.00,0.00,0.00,0.00,0.00,24.060,0.91,0.015,0.61,0.9706,0.12,0,0,1,0,7.1495,,
56,BPI,Bank of the Philippine Islands,2017, 12.47 ,0.00,0.00,0.00,0.00,0.00,0.00,24.180,0.91,0.013,0.56,0.9754,0.11,0,0,1,0,6.9310,,
56,BPI,Bank of the Philippine Islands,2018, 12.43 ,0.00,0.00,0.00,0.00,0.00,0.00,24.227,0.89,0.019,0.49,0.9743,0.15,0,0,1,0,6.3415,,
56,BPI,Bank of the Philippine Islands,2019, 12.83 ,0.00,0.00,0.00,0.00,0.00,0.00,24.324,0.88,0.017,0.43,0.9763,0.15,0,0,1,0,6.1185,,
56,BPI,Bank of the Philippine Islands,2020, 12.81 ,0.00,1.00,0.00,0.00,0.00,0.00,24.400,0.88,0.027,0.45,0.9770,0.17,0,0,1,0,-9.5730,,
57,CSB,"Citystate Savings Bank, Inc.",2015, 10.14 ,0.00,0.00,0.00,0.00,0.00,0.00,18.453,0.87,0.028,1.4,0.8703,0.22,1,0,0,0,6.3483,,
57,CSB,"Citystate Savings Bank, Inc.",2016, 10.13 ,0.00,0.00,0.00,0.00,0.00,0.00,18.252,0.84,0.052,1.3,0.8273,0.23,1,0,0,0,7.1495,,
57,CSB,"Citystate Savings Bank, Inc.",2017, 10.14 ,0.00,0.00,0.00,0.00,0.00,0.00,18.233,0.83,0.098,1.33,0.8342,0.16,1,0,0,0,6.9310,,
57,CSB,"Citystate Savings Bank, Inc.",2018, 10.14 ,0.00,0.00,0.00,0.00,0.00,0.00,18.098,0.83,0.064,1.31,0.8223,0.16,1,0,0,0,6.3415,,
57,CSB,"Citystate Savings Bank, Inc.",2019, 10.34 ,0.17,0.00,0.00,0.00,0.29,0.00,18.201,0.84,0.100,1.25,0.8471,0.14,1,0,0,0,6.1185,,
57,CSB,"Citystate Savings Bank, Inc.",2020, 10.44 ,0.08,1.00,0.08,0.00,0.14,0.00,18.464,0.87,0.078,1.03,0.8758,0.14,0,0,0,0,-9.5730,,
58,EW,East West Banking Corporation,2015, 11.27 ,0.00,0.00,0.00,0.00,0.00,0.00,22.293,0.87,0.006,0.67,0.9314,0.15,0,0,1,0,6.3483,,
58,EW,East West Banking Corporation,2016, 11.32 ,0.25,0.00,0.00,0.25,0.29,0.00,22.454,0.88,0.004,0.64,0.9441,0.13,0,0,1,0,7.1495,,
58,EW,East West Banking Corporation,2017, 11.13 ,0.33,0.00,0.00,0.50,0.29,0.00,22.518,0.87,0.003,0.64,0.9505,0.13,0,0,1,0,6.9310,,
58,EW,East West Banking Corporation,2018, 11.20 ,0.25,0.00,0.00,0.50,0.14,0.00,22.604,0.88,0.046,0.61,0.9349,0.13,0,0,1,0,6.3415,,
58,EW,East West Banking Corporation,2019, 11.07 ,0.67,0.00,0.00,0.75,0.57,0.50,22.744,0.87,0.048,0.55,0.9424,0.13,0,0,1,0,6.1185,,
58,EW,East West Banking Corporation,2020, 11.14 ,0.67,1.00,0.67,0.75,0.43,1.00,22.807,0.86,0.081,0.53,0.9436,0.13,0,0,1,0,-9.5730,,
59,MBT,Metropolitan Bank & Trust Company,2015, 13.25 ,0.08,0.00,0.00,0.25,0.00,0.00,24.158,0.87,0.010,0.6,0.9549,0.16,0,0,1,0,6.3483,,
59,MBT,Metropolitan Bank & Trust Company,2016, 12.41 ,0.08,0.00,0.00,0.25,0.00,0.00,24.157,0.87,0.009,0.68,0.9568,0.14,0,0,1,0,7.1495,,
59,MBT,Metropolitan Bank & Trust Company,2017, 12.57 ,0.08,0.00,0.00,0.25,0.00,0.00,24.252,0.88,0.010,0.61,0.9630,0.14,0,0,1,0,6.9310,,
59,MBT,Metropolitan Bank & Trust Company,2018, 12.68 ,0.17,0.00,0.00,0.50,0.00,0.00,24.288,0.84,0.012,0.55,0.9572,0.16,0,0,1,0,6.3415,,
59,MBT,Metropolitan Bank & Trust Company,2019, 13.60 ,0.08,0.00,0.00,0.25,0.00,0.00,24.440,0.85,0.013,0.49,0.9578,0.15,0,0,1,0,6.1185,,
59,MBT,Metropolitan Bank & Trust Company,2020, 13.11 ,0.17,1.00,0.17,0.50,0.00,0.00,24.526,0.85,0.018,0.54,0.9596,0.20,0,0,1,0,-9.5730,,
60,PBC,Philippine Bank of Communications,2015, 11.14 ,0.00,0.00,0.00,0.00,0.00,0.00,21.173,0.88,0.073,0.96,0.8950,0.15,0,0,1,0,6.3483,,
60,PBC,Philippine Bank of Communications,2016, 11.14 ,0.00,0.00,0.00,0.00,0.00,0.00,21.250,0.87,0.061,0.82,0.9069,0.15,0,0,1,0,7.1495,,
60,PBC,Philippine Bank of Communications,2017, 11.28 ,0.00,0.00,0.00,0.00,0.00,0.00,21.391,0.87,0.051,0.75,0.8778,0.16,0,0,1,0,6.9310,,
60,PBC,Philippine Bank of Communications,2018, 11.74 ,0.00,0.00,0.00,0.00,0.00,0.00,21.382,0.9,0.044,0.67,0.8819,0.15,0,0,1,0,6.3415,,
60,PBC,Philippine Bank of Communications,2019, 11.20 ,0.00,0.00,0.00,0.00,0.00,0.00,21.429,0.89,0.038,0.56,0.8854,0.16,0,0,1,0,6.1185,,
60,PBC,Philippine Bank of Communications,2020, 11.28 ,0.58,1.00,0.58,1.00,0.29,0.50,21.469,0.88,0.057,0.58,0.8851,0.19,0,0,1,0,-9.5730,,
61,PBB,Philippine Business Bank,2015, 10.84 ,0.25,0.00,0.00,0.75,0.00,0.00,21.053,0.87,0.029,0.5,0.9054,0.18,0,0,0,0,6.3483,,
61,PBB,Philippine Business Bank,2016, 10.91 ,0.17,0.00,0.00,0.50,0.00,0.00,21.067,0.86,0.025,0.55,0.9107,0.17,0,0,0,0,7.1495,,
61,PBB,Philippine Business Bank,2017, 10.95 ,0.08,0.00,0.00,0.25,0.00,0.00,21.282,0.88,0.021,0.51,0.9199,0.14,0,0,0,0,6.9310,,
61,PBB,Philippine Business Bank,2018, 11.49 ,0.17,0.00,0.00,0.50,0.00,0.00,21.309,0.88,0.018,0.41,0.9254,0.14,0,0,0,0,6.3415,,
61,PBB,Philippine Business Bank,2019, 11.79 ,0.50,0.00,0.00,1.00,0.29,0.00,21.533,0.89,0.023,0.38,0.9394,0.14,0,0,0,0,6.1185,,
61,PBB,Philippine Business Bank,2020, 12.25 ,0.42,1.00,0.42,0.75,0.14,0.50,21.637,0.88,0.041,0.39,0.9430,0.14,0,0,0,0,-9.5730,,
62,PNB,Philippine National Bank,2015, 12.95 ,0.42,0.00,0.00,1.00,0.14,0.00,23.316,0.84,0.026,0.84,0.9178,0.14,0,0,1,0,6.3483,,
62,PNB,Philippine National Bank,2016, 13.16 ,0.67,0.00,0.00,1.00,0.57,0.00,23.382,0.85,0.023,0.82,0.9263,0.12,0,0,1,0,7.1495,,
62,PNB,Philippine National Bank,2017, 12.88 ,0.42,0.00,0.00,1.00,0.14,0.00,23.471,0.85,0.020,0.77,0.9365,0.12,0,0,1,0,6.9310,,
62,PNB,Philippine National Bank,2018, 13.04 ,0.33,0.00,0.00,1.00,0.00,0.00,23.574,0.86,0.029,0.66,0.9451,0.12,0,0,1,0,6.3415,,
62,PNB,Philippine National Bank,2019, 13.37 ,0.58,0.00,0.00,1.00,0.43,0.00,23.771,0.86,0.031,0.49,0.9441,0.13,0,0,1,0,6.1185,,
62,PNB,Philippine National Bank,2020, 13.15 ,0.42,1.00,0.42,1.00,0.14,0.00,23.958,0.87,0.102,0.57,0.9516,0.13,0,0,1,0,-9.5730,,
63,PSB,Philippine Savings Bank,2015, 10.82 ,0.08,0.00,0.00,0.25,0.00,0.00,22.001,0.89,0.014,0.63,0.9853,0.18,0,0,1,0,6.3483,,
63,PSB,Philippine Savings Bank,2016, 10.91 ,0.25,0.00,0.00,0.75,0.00,0.00,22.097,0.9,0.009,0.61,0.9872,0.14,0,0,1,0,7.1495,,
63,PSB,Philippine Savings Bank,2017, 10.85 ,0.25,0.00,0.00,0.75,0.00,0.00,22.221,0.9,0.008,0.6,0.9893,0.14,0,0,1,0,6.9310,,
63,PSB,Philippine Savings Bank,2018, 10.64 ,0.42,0.00,0.00,1.00,0.14,0.00,22.229,0.9,0.039,0.56,0.9899,0.14,0,0,1,0,6.3415,,
63,PSB,Philippine Savings Bank,2019, 11.36 ,0.25,0.00,0.00,0.75,0.00,0.00,22.212,0.85,0.036,0.51,0.9833,0.18,0,0,1,0,6.1185,,
63,PSB,Philippine Savings Bank,2020, 11.54 ,0.33,1.00,0.33,0.75,0.14,0.00,22.242,0.84,0.070,0.53,0.9812,0.19,0,0,1,0,-9.5730,,
64,PTC,Philippine Trust Company,2015, 10.58 ,0.00,0.00,0.00,0.00,0.00,0.00,21.819,0.83,0.051,0.33,0.9265,0.38,0,0,0,0,6.3483,,
64,PTC,Philippine Trust Company,2016, 10.54 ,0.00,0.00,0.00,0.00,0.00,0.00,21.896,0.85,0.051,0.33,0.9348,37.65,0,0,0,0,7.1495,,
64,PTC,Philippine Trust Company,2017, 11.03 ,0.08,0.00,0.00,0.25,0.00,0.00,21.840,0.85,0.124,0.37,0.9351,0.45,0,0,0,1,6.9310,,
64,PTC,Philippine Trust Company,2018, 11.35 ,0.00,0.00,0.00,0.00,0.00,0.00,21.790,0.86,0.154,0.38,0.9347,0.34,0,0,0,1,6.3415,,
64,PTC,Philippine Trust Company,2019, 11.23 ,0.00,0.00,0.00,0.00,0.00,0.00,21.877,0.84,0.238,0.27,0.9391,0.46,0,0,0,1,6.1185,,
64,PTC,Philippine Trust Company,2020, 11.28 ,0.25,1.00,0.25,0.25,0.29,0.00,21.978,0.84,0.137,0.36,0.9425,0.51,0,0,0,0,-9.5730,,
65,RCB,Rizal Commercial Banking Corporation,2015, 12.32 ,0.25,0.00,0.00,0.75,0.00,0.00,21.400,0.9,0.010,0.58,0.3507,0.16,0,0,0,0,6.3483,,
65,RCB,Rizal Commercial Banking Corporation,2016, 12.33 ,0.42,0.00,0.00,1.00,0.14,0.00,21.504,0.9,0.008,0.68,0.4007,0.16,0,0,0,0,7.1495,,
65,RCB,Rizal Commercial Banking Corporation,2017, 12.31 ,0.25,0.00,0.00,0.75,0.00,0.00,21.582,0.9,0.011,0.65,0.4368,0.15,0,0,0,0,6.9310,,
65,RCB,Rizal Commercial Banking Corporation,2018, 12.36 ,0.50,0.00,0.00,1.00,0.29,0.00,21.699,0.91,0.034,0.56,0.4172,0.17,0,0,0,0,6.3415,,
65,RCB,Rizal Commercial Banking Corporation,2019, 12.41 ,0.50,0.00,0.00,1.00,0.29,0.00,22.000,0.68,0.037,0.51,0.5538,0.13,0,0,0,0,6.1185,,
65,RCB,Rizal Commercial Banking Corporation,2020, 12.40 ,0.33,1.00,0.33,1.00,0.00,0.00,21.906,0.68,0.053,0.53,0.3742,0.16,0,0,0,0,-9.5730,,
66,SECB,Security Bank Corporation,2015, 11.48 ,0.08,0.00,0.00,0.25,0.00,0.00,23.147,0.9,0.055,0.47,0.9882,0.14,0,0,1,0,6.3483,,
66,SECB,Security Bank Corporation,2016, 11.53 ,0.08,0.00,0.00,0.25,0.00,0.00,23.360,0.86,0.047,0.43,0.9885,0.20,0,0,1,0,7.1495,,
66,SECB,Security Bank Corporation,2017, 11.42 ,0.08,0.00,0.00,0.25,0.00,0.00,23.355,0.85,0.047,0.41,0.9892,0.17,0,0,1,0,6.9310,,
66,SECB,Security Bank Corporation,2018, 11.64 ,0.08,0.00,0.00,0.25,0.00,0.00,23.400,0.86,0.006,0.39,0.9902,0.18,0,0,1,0,6.3415,,
66,SECB,Security Bank Corporation,2019, 12.12 ,0.75,0.00,0.00,1.00,0.71,0.00,23.466,0.85,0.013,0.37,0.9906,0.17,0,0,1,0,6.1185,,
66,SECB,Security Bank Corporation,2020, 12.25 ,0.25,1.00,0.25,0.25,0.14,0.50,23.333,0.81,0.044,0.48,0.9888,0.20,0,0,1,0,-9.5730,,
67,UBP,Union Bank of the Philippines,2015, 12.29 ,0.00,0.00,0.00,0.00,0.00,0.00,22.794,0.85,0.063,0.62,0.9707,0.17,0,0,1,0,6.3483,,
67,UBP,Union Bank of the Philippines,2016, 12.31 , 0.17 ,0.00,0.00, 0.50 ,0.00,0.00,22.947,0.85,0.034,0.61,0.9759,0.16,0,0,1,0,7.1495,,
67,UBP,Union Bank of the Philippines,2017, 12.45 , 0.33 ,0.00,0.00, 0.50 ,0.29,0.00,23.131,0.87,0.047,0.54,0.9811,0.14,0,0,1,0,6.9310,,
67,UBP,Union Bank of the Philippines,2018, 12.11 , 0.17 ,0.00,0.00, 0.50 ,0.00,0.00,23.152,0.86,0.035,0.55,0.9796,0.16,0,0,1,0,6.3415,,
67,UBP,Union Bank of the Philippines,2019, 12.43 , 0.08 ,0.00,0.00, 0.25 ,0.00,0.00,23.358,0.86,0.028,0.51,0.9831,0.15,0,0,1,0,6.1185,,
67,UBP,Union Bank of the Philippines,2020, 12.60 , 0.17 ,1.00,0.17, 0.50 ,0.00,0.00,23.386,0.85,0.060,0.54,0.9829,0.17,0,0,1,0,-9.5730,,
,,,,,,,,,,,,,,,,,,,,,,,
,,,,,,,,,,,,,,,,,,,,,,,
,,,,,,,,,,,,,,,,,,,,,,,
,,,,,,,,,,,,,,,,,,,,,,,
,,,,,,,,,,,,,,,,,,,,,,,
,,,,,,,,,,,,,,,,,,,,,,,
,,,,,,,,,,,,,,,,,,,,,,,
,,,,,,,,,,,,,,,,,,,,,,,
,,,,,,,,,,,,,,,,,,,,,,,
,,,,,,,,,,,,,,,,,,,,,,,
,,,,,,,,,,,,,,,,,,,,,,,
,,,,,,,,,,,,,,,,,,,,,,,
,,,,,,,,,,,,,,,,,,,,,,,
,,,,,,,,,,,,,,,,,,,,,,,
,,,,,,,,,,,,,,,,,,,,,,,
,,,,,,,,,,,,,,,,,,,,,,,
,,,,,,,,,,,,,,,,,,,,,,,
,,,,,,,,,,,,,,,,,,,,,,,
,,,,,,,,,,,,,,,,,,,,,,,
,,,,,,,,,,,,,,,,,,,,,,,
,,,,,,,,,,,,,,,,,,,,,,,
,,,,,,,,,,,,,,,,,,,,,,,
,,,,,,,,,,,,,,,,,,,,,,,
,,,,,,,,,,,,,,,,,,,,,,,
,,,,,,,,,,,,,,,,,,,,,,,
,,,,,,,,,,,,,,,,,,,,,,,
,,,,,,,,,,,,,,,,,,,,,,,
,,,,,,,,,,,,,,,,,,,,,,,
,,,,,,,,,,,,,,,,,,,,,,,
,,,,,,,,,,,,,,,,,,,,,,,
,,,,,,,,,,,,,,,,,,,,,,,
,,,,,,,,,,,,,,,,,,,,,,,
,,,,,,,,,,,,,,,,,,,,,,,
,,,,,,,,,,,,,,,,,,,,,,,
,,,,,,,,,,,,,,,,,,,,,,,
,,,,,,,,,,,,,,,,,,,,,,,
,,,,,,,,,,,,,,,,,,,,,,,
,,,,,,,,,,,,,,,,,,,,,,,
,,,,,,,,,,,,,,,,,,,,,,,
,,,,,,,,,,,,,,,,,,,,,,,
,,,,,,,,,,,,,,,,,,,,,,,
,,,,,,,,,,,,,,,,,,,,,,,
,,,,,,,,,,,,,,,,,,,,,,,
,,,,,,,,,,,,,,,,,,,,,,,
,,,,,,,,,,,,,,,,,,,,,,,
,,,,,,,,,,,,,,,,,,,,,,,
,,,,,,,,,,,,,,,,,,,,,,,
,,,,,,,,,,,,,,,,,,,,,,,
,,,,,,,,,,,,,,,,,,,,,,,
,,,,,,,,,,,,,,,,,,,,,,,
,,,,,,,,,,,,,,,,,,,,,,,
,,,,,,,,,,,,,,,,,,,,,,,
,,,,,,,,,,,,,,,,,,,,,,,
,,,,,,,,,,,,,,,,,,,,,,,
,,,,,,,,,,,,,,,,,,,,,,,
,,,,,,,,,,,,,,,,,,,,,,,
,,,,,,,,,,,,,,,,,,,,,,,
,,,,,,,,,,,,,,,,,,,,,,,
,,,,,,,,,,,,,,,,,,,,,,,
,,,,,,,,,,,,,,,,,,,,,,,
,,,,,,,,,,,,,,,,,,,,,,,
,,,,,,,,,,,,,,,,,,,,,,,
,,,,,,,,,,,,,,,,,,,,,,,
,,,,,,,,,,,,,,,,,,,,,,,
,,,,,,,,,,,,,,,,,,,,,,,
,,,,,,,,,,,,,,,,,,,,,,,
,,,,,,,,,,,,,,,,,,,,,,,
,,,,,,,,,,,,,,,,,,,,,,,
,,,,,,,,,,,,,,,,,,,,,,,
,,,,,,,,,,,,,,,,,,,,,,,
,,,,,,,,,,,,,,,,,,,,,,,
,,,,,,,,,,,,,,,,,,,,,,,
,,,,,,,,,,,,,,,,,,,,,,,
,,,,,,,,,,,,,,,,,,,,,,,
,,,,,,,,,,,,,,,,,,,,,,,
,,,,,,,,,,,,,,,,,,,,,,,
,,,,,,,,,,,,,,,,,,,,,,,
,,,,,,,,,,,,,,,,,,,,,,,
,,,,,,,,,,,,,,,,,,,,,,,
,,,,,,,,,,,,,,,,,,,,,,,
,,,,,,,,,,,,,,,,,,,,,,,
,,,,,,,,,,,,,,,,,,,,,,,
,,,,,,,,,,,,,,,,,,,,,,,
,,,,,,,,,,,,,,,,,,,,,,,
,,,,,,,,,,,,,,,,,,,,,,,
,,,,,,,,,,,,,,,,,,,,,,,
,,,,,,,,,,,,,,,,,,,,,,,
,,,,,,,,,,,,,,,,,,,,,,,
,,,,,,,,,,,,,,,,,,,,,,,
,,,,,,,,,,,,,,,,,,,,,,,
,,,,,,,,,,,,,,,,,,,,,,,
,,,,,,,,,,,,,,,,,,,,,,,
,,,,,,,,,,,,,,,,,,,,,,,
,,,,,,,,,,,,,,,,,,,,,,,
,,,,,,,,,,,,,,,,,,,,,,,
,,,,,,,,,,,,,,,,,,,,,,,
,,,,,,,,,,,,,,,,,,,,,,,
,,,,,,,,,,,,,,,,,,,,,,,
,,,,,,,,,,,,,,,,,,,,,,,
,,,,,,,,,,,,,,,,,,,,,,,
,,,,,,,,,,,,,,,,,,,,,,,
,,,,,,,,,,,,,,,,,,,,,,,
,,,,,,,,,,,,,,,,,,,,,,,
,,,,,,,,,,,,,,,,,,,,,,,
,,,,,,,,,,,,,,,,,,,,,,,
,,,,,,,,,,,,,,,,,,,,,,,
,,,,,,,,,,,,,,,,,,,,,,,
,,,,,,,,,,,,,,,,,,,,,,,
,,,,,,,,,,,,,,,,,,,,,,,
,,,,,,,,,,,,,,,,,,,,,,,
,,,,,,,,,,,,,,,,,,,,,,,
,,,,,,,,,,,,,,,,,,,,,,,
,,,,,,,,,,,,,,,,,,,,,,,
,,,,,,,,,,,,,,,,,,,,,,,
,,,,,,,,,,,,,,,,,,,,,,,
,,,,,,,,,,,,,,,,,,,,,,,
,,,,,,,,,,,,,,,,,,,,,,,
,,,,,,,,,,,,,,,,,,,,,,,
,,,,,,,,,,,,,,,,,,,,,,,
,,,,,,,,,,,,,,,,,,,,,,,
,,,,,,,,,,,,,,,,,,,,,,,
,,,,,,,,,,,,,,,,,,,,,,,
,,,,,,,,,,,,,,,,,,,,,,,
,,,,,,,,,,,,,,,,,,,,,,,
,,,,,,,,,,,,,,,,,,,,,,,
,,,,,,,,,,,,,,,,,,,,,,,
,,,,,,,,,,,,,,,,,,,,,,,
,,,,,,,,,,,,,,,,,,,,,,,
,,,,,,,,,,,,,,,,,,,,,,,
,,,,,,,,,,,,,,,,,,,,,,,
,,,,,,,,,,,,,,,,,,,,,,,
,,,,,,,,,,,,,,,,,,,,,,,
,,,,,,,,,,,,,,,,,,,,,,,
,,,,,,,,,,,,,,,,,,,,,,,
,,,,,,,,,,,,,,,,,,,,,,,
,,,,,,,,,,,,,,,,,,,,,,,
,,,,,,,,,,,,,,,,,,,,,,,
,,,,,,,,,,,,,,,,,,,,,,,
,,,,,,,,,,,,,,,,,,,,,,,
,,,,,,,,,,,,,,,,,,,,,,,
,,,,,,,,,,,,,,,,,,,,,,,
,,,,,,,,,,,,,,,,,,,,,,,
,,,,,,,,,,,,,,,,,,,,,,,
,,,,,,,,,,,,,,,,,,,,,,,
,,,,,,,,,,,,,,,,,,,,,,,
,,,,,,,,,,,,,,,,,,,,,,,
,,,,,,,,,,,,,,,,,,,,,,,
,,,,,,,,,,,,,,,,,,,,,,,
,,,,,,,,,,,,,,,,,,,,,,,
,,,,,,,,,,,,,,,,,,,,,,,
,,,,,,,,,,,,,,,,,,,,,,,
,,,,,,,,,,,,,,,,,,,,,,,
,,,,,,,,,,,,,,,,,,,,,,,
,,,,,,,,,,,,,,,,,,,,,,,
,,,,,,,,,,,,,,,,,,,,,,,
,,,,,,,,,,,,,,,,,,,,,,,
,,,,,,,,,,,,,,,,,,,,,,,
,,,,,,,,,,,,,,,,,,,,,,,
,,,,,,,,,,,,,,,,,,,,,,,
,,,,,,,,,,,,,,,,,,,,,,,
,,,,,,,,,,,,,,,,,,,,,,,
,,,,,,,,,,,,,,,,,,,,,,,
,,,,,,,,,,,,,,,,,,,,,,,
,,,,,,,,,,,,,,,,,,,,,,,
,,,,,,,,,,,,,,,,,,,,,,,
,,,,,,,,,,,,,,,,,,,,,,,
,,,,,,,,,,,,,,,,,,,,,,,
,,,,,,,,,,,,,,,,,,,,,,,
,,,,,,,,,,,,,,,,,,,,,,,
,,,,,,,,,,,,,,,,,,,,,,,
,,,,,,,,,,,,,,,,,,,,,,,
,,,,,,,,,,,,,,,,,,,,,,,
,,,,,,,,,,,,,,,,,,,,,,,
,,,,,,,,,,,,,,,,,,,,,,,
,,,,,,,,,,,,,,,,,,,,,,,
,,,,,,,,,,,,,,,,,,,,,,,
,,,,,,,,,,,,,,,,,,,,,,,
,,,,,,,,,,,,,,,,,,,,,,,
,,,,,,,,,,,,,,,,,,,,,,,
,,,,,,,,,,,,,,,,,,,,,,,
,,,,,,,,,,,,,,,,,,,,,,,
,,,,,,,,,,,,,,,,,,,,,,,
,,,,,,,,,,,,,,,,,,,,,,,
,,,,,,,,,,,,,,,,,,,,,,,
,,,,,,,,,,,,,,,,,,,,,,,
,,,,,,,,,,,,,,,,,,,,,,,
,,,,,,,,,,,,,,,,,,,,,,,
,,,,,,,,,,,,,,,,,,,,,,,
,,,,,,,,,,,,,,,,,,,,,,,
,,,,,,,,,,,,,,,,,,,,,,,
,,,,,,,,,,,,,,,,,,,,,,,
,,,,,,,,,,,,,,,,,,,,,,,
,,,,,,,,,,,,,,,,,,,,,,,
,,,,,,,,,,,,,,,,,,,,,,,
,,,,,,,,,,,,,,,,,,,,,,,
,,,,,,,,,,,,,,,,,,,,,,,
,,,,,,,,,,,,,,,,,,,,,,,
,,,,,,,,,,,,,,,,,,,,,,,
,,,,,,,,,,,,,,,,,,,,,,,
,,,,,,,,,,,,,,,,,,,,,,,
,,,,,,,,,,,,,,,,,,,,,,,
,,,,,,,,,,,,,,,,,,,,,,,
,,,,,,,,,,,,,,,,,,,,,,,
,,,,,,,,,,,,,,,,,,,,,,,
,,,,,,,,,,,,,,,,,,,,,,,
,,,,,,,,,,,,,,,,,,,,,,,
,,,,,,,,,,,,,,,,,,,,,,,
,,,,,,,,,,,,,,,,,,,,,,,
,,,,,,,,,,,,,,,,,,,,,,,
,,,,,,,,,,,,,,,,,,,,,,,
,,,,,,,,,,,,,,,,,,,,,,,
,,,,,,,,,,,,,,,,,,,,,,,
,,,,,,,,,,,,,,,,,,,,,,,
,,,,,,,,,,,,,,,,,,,,,,,
,,,,,,,,,,,,,,,,,,,,,,,
,,,,,,,,,,,,,,,,,,,,,,,
,,,,,,,,,,,,,,,,,,,,,,,
,,,,,,,,,,,,,,,,,,,,,,,
,,,,,,,,,,,,,,,,,,,,,,,
,,,,,,,,,,,,,,,,,,,,,,,
,,,,,,,,,,,,,,,,,,,,,,,
,,,,,,,,,,,,,,,,,,,,,,,
,,,,,,,,,,,,,,,,,,,,,,,
,,,,,,,,,,,,,,,,,,,,,,,
,,,,,,,,,,,,,,,,,,,,,,,
,,,,,,,,,,,,,,,,,,,,,,,
,,,,,,,,,,,,,,,,,,,,,,,
,,,,,,,,,,,,,,,,,,,,,,,
,,,,,,,,,,,,,,,,,,,,,,,
,,,,,,,,,,,,,,,,,,,,,,,
,,,,,,,,,,,,,,,,,,,,,,,
,,,,,,,,,,,,,,,,,,,,,,,
,,,,,,,,,,,,,,,,,,,,,,,
,,,,,,,,,,,,,,,,,,,,,,,
,,,,,,,,,,,,,,,,,,,,,,,
,,,,,,,,,,,,,,,,,,,,,,,
,,,,,,,,,,,,,,,,,,,,,,,
,,,,,,,,,,,,,,,,,,,,,,,
,,,,,,,,,,,,,,,,,,,,,,,
,,,,,,,,,,,,,,,,,,,,,,,
,,,,,,,,,,,,,,,,,,,,,,,
,,,,,,,,,,,,,,,,,,,,,,,
,,,,,,,,,,,,,,,,,,,,,,,
,,,,,,,,,,,,,,,,,,,,,,,
,,,,,,,,,,,,,,,,,,,,,,,
,,,,,,,,,,,,,,,,,,,,,,,
,,,,,,,,,,,,,,,,,,,,,,,
,,,,,,,,,,,,,,,,,,,,,,,
,,,,,,,,,,,,,,,,,,,,,,,
,,,,,,,,,,,,,,,,,,,,,,,
,,,,,,,,,,,,,,,,,,,,,,,
,,,,,,,,,,,,,,,,,,,,,,,
,,,,,,,,,,,,,,,,,,,,,,,
,,,,,,,,,,,,,,,,,,,,,,,
,,,,,,,,,,,,,,,,,,,,,,,
,,,,,,,,,,,,,,,,,,,,,,,
,,,,,,,,,,,,,,,,,,,,,,,
,,,,,,,,,,,,,,,,,,,,,,,
,,,,,,,,,,,,,,,,,,,,,,,
,,,,,,,,,,,,,,,,,,,,,,,
,,,,,,,,,,,,,,,,,,,,,,,
,,,,,,,,,,,,,,,,,,,,,,,
,,,,,,,,,,,,,,,,,,,,,,,
,,,,,,,,,,,,,,,,,,,,,,,
,,,,,,,,,,,,,,,,,,,,,,,
,,,,,,,,,,,,,,,,,,,,,,,
,,,,,,,,,,,,,,,,,,,,,,,
,,,,,,,,,,,,,,,,,,,,,,,
,,,,,,,,,,,,,,,,,,,,,,,
,,,,,,,,,,,,,,,,,,,,,,,
,,,,,,,,,,,,,,,,,,,,,,,
,,,,,,,,,,,,,,,,,,,,,,,
,,,,,,,,,,,,,,,,,,,,,,,
,,,,,,,,,,,,,,,,,,,,,,,
,,,,,,,,,,,,,,,,,,,,,,,
,,,,,,,,,,,,,,,,,,,,,,,
,,,,,,,,,,,,,,,,,,,,,,,
,,,,,,,,,,,,,,,,,,,,,,,
,,,,,,,,,,,,,,,,,,,,,,,
,,,,,,,,,,,,,,,,,,,,,,,
,,,,,,,,,,,,,,,,,,,,,,,
,,,,,,,,,,,,,,,,,,,,,,,
,,,,,,,,,,,,,,,,,,,,,,,
,,,,,,,,,,,,,,,,,,,,,,,
,,,,,,,,,,,,,,,,,,,,,,,
,,,,,,,,,,,,,,,,,,,,,,,
,,,,,,,,,,,,,,,,,,,,,,,
,,,,,,,,,,,,,,,,,,,,,,,
,,,,,,,,,,,,,,,,,,,,,,,
,,,,,,,,,,,,,,,,,,,,,,,
,,,,,,,,,,,,,,,,,,,,,,,
,,,,,,,,,,,,,,,,,,,,,,,
,,,,,,,,,,,,,,,,,,,,,,,
,,,,,,,,,,,,,,,,,,,,,,,
,,,,,,,,,,,,,,,,,,,,,,,
,,,,,,,,,,,,,,,,,,,,,,,
,,,,,,,,,,,,,,,,,,,,,,,
,,,,,,,,,,,,,,,,,,,,,,,
,,,,,,,,,,,,,,,,,,,,,,,
,,,,,,,,,,,,,,,,,,,,,,,
,,,,,,,,,,,,,,,,,,,,,,,
,,,,,,,,,,,,,,,,,,,,,,,
,,,,,,,,,,,,,,,,,,,,,,,
,,,,,,,,,,,,,,,,,,,,,,,
,,,,,,,,,,,,,,,,,,,,,,,
,,,,,,,,,,,,,,,,,,,,,,,
,,,,,,,,,,,,,,,,,,,,,,,
,,,,,,,,,,,,,,,,,,,,,,,
,,,,,,,,,,,,,,,,,,,,,,,
,,,,,,,,,,,,,,,,,,,,,,,
,,,,,,,,,,,,,,,,,,,,,,,
,,,,,,,,,,,,,,,,,,,,,,,
,,,,,,,,,,,,,,,,,,,,,,,
,,,,,,,,,,,,,,,,,,,,,,,
,,,,,,,,,,,,,,,,,,,,,,,
,,,,,,,,,,,,,,,,,,,,,,,
,,,,,,,,,,,,,,,,,,,,,,,
,,,,,,,,,,,,,,,,,,,,,,,
,,,,,,,,,,,,,,,,,,,,,,,
,,,,,,,,,,,,,,,,,,,,,,,
,,,,,,,,,,,,,,,,,,,,,,,
,,,,,,,,,,,,,,,,,,,,,,,
,,,,,,,,,,,,,,,,,,,,,,,
,,,,,,,,,,,,,,,,,,,,,,,
,,,,,,,,,,,,,,,,,,,,,,,
,,,,,,,,,,,,,,,,,,,,,,,
,,,,,,,,,,,,,,,,,,,,,,,
,,,,,,,,,,,,,,,,,,,,,,,
,,,,,,,,,,,,,,,,,,,,,,,
,,,,,,,,,,,,,,,,,,,,,,,
,,,,,,,,,,,,,,,,,,,,,,,
,,,,,,,,,,,,,,,,,,,,,,,
,,,,,,,,,,,,,,,,,,,,,,,
,,,,,,,,,,,,,,,,,,,,,,,
,,,,,,,,,,,,,,,,,,,,,,,
,,,,,,,,,,,,,,,,,,,,,,,
,,,,,,,,,,,,,,,,,,,,,,,
,,,,,,,,,,,,,,,,,,,,,,,
,,,,,,,,,,,,,,,,,,,,,,,
,,,,,,,,,,,,,,,,,,,,,,,
,,,,,,,,,,,,,,,,,,,,,,,
,,,,,,,,,,,,,,,,,,,,,,,
,,,,,,,,,,,,,,,,,,,,,,,
,,,,,,,,,,,,,,,,,,,,,,,
,,,,,,,,,,,,,,,,,,,,,,,
,,,,,,,,,,,,,,,,,,,,,,,
,,,,,,,,,,,,,,,,,,,,,,,
,,,,,,,,,,,,,,,,,,,,,,,
,,,,,,,,,,,,,,,,,,,,,,,
,,,,,,,,,,,,,,,,,,,,,,,
,,,,,,,,,,,,,,,,,,,,,,,
,,,,,,,,,,,,,,,,,,,,,,,
,,,,,,,,,,,,,,,,,,,,,,,
,,,,,,,,,,,,,,,,,,,,,,,
,,,,,,,,,,,,,,,,,,,,,,,
,,,,,,,,,,,,,,,,,,,,,,,
,,,,,,,,,,,,,,,,,,,,,,,
,,,,,,,,,,,,,,,,,,,,,,,
,,,,,,,,,,,,,,,,,,,,,,,
,,,,,,,,,,,,,,,,,,,,,,,
,,,,,,,,,,,,,,,,,,,,,,,
,,,,,,,,,,,,,,,,,,,,,,,
,,,,,,,,,,,,,,,,,,,,,,,
,,,,,,,,,,,,,,,,,,,,,,,
,,,,,,,,,,,,,,,,,,,,,,,
,,,,,,,,,,,,,,,,,,,,,,,
,,,,,,,,,,,,,,,,,,,,,,,
,,,,,,,,,,,,,,,,,,,,,,,
,,,,,,,,,,,,,,,,,,,,,,,
,,,,,,,,,,,,,,,,,,,,,,,
,,,,,,,,,,,,,,,,,,,,,,,
,,,,,,,,,,,,,,,,,,,,,,,
,,,,,,,,,,,,,,,,,,,,,,,
,,,,,,,,,,,,,,,,,,,,,,,
,,,,,,,,,,,,,,,,,,,,,,,
,,,,,,,,,,,,,,,,,,,,,,,
,,,,,,,,,,,,,,,,,,,,,,,
,,,,,,,,,,,,,,,,,,,,,,,
,,,,,,,,,,,,,,,,,,,,,,,
,,,,,,,,,,,,,,,,,,,,,,,
,,,,,,,,,,,,,,,,,,,,,,,
,,,,,,,,,,,,,,,,,,,,,,,
,,,,,,,,,,,,,,,,,,,,,,,
,,,,,,,,,,,,,,,,,,,,,,,
,,,,,,,,,,,,,,,,,,,,,,,
,,,,,,,,,,,,,,,,,,,,,,,
,,,,,,,,,,,,,,,,,,,,,,,
,,,,,,,,,,,,,,,,,,,,,,,
,,,,,,,,,,,,,,,,,,,,,,,
,,,,,,,,,,,,,,,,,,,,,,,
,,,,,,,,,,,,,,,,,,,,,,,
,,,,,,,,,,,,,,,,,,,,,,,
,,,,,,,,,,,,,,,,,,,,,,,
,,,,,,,,,,,,,,,,,,,,,,,
,,,,,,,,,,,,,,,,,,,,,,,
,,,,,,,,,,,,,,,,,,,,,,,
,,,,,,,,,,,,,,,,,,,,,,,
,,,,,,,,,,,,,,,,,,,,,,,
,,,,,,,,,,,,,,,,,,,,,,,
,,,,,,,,,,,,,,,,,,,,,,,
,,,,,,,,,,,,,,,,,,,,,,,
,,,,,,,,,,,,,,,,,,,,,,,
,,,,,,,,,,,,,,,,,,,,,,,
,,,,,,,,,,,,,,,,,,,,,,,
,,,,,,,,,,,,,,,,,,,,,,,
,,,,,,,,,,,,,,,,,,,,,,,
,,,,,,,,,,,,,,,,,,,,,,,
,,,,,,,,,,,,,,,,,,,,,,,
,,,,,,,,,,,,,,,,,,,,,,,
,,,,,,,,,,,,,,,,,,,,,,,
,,,,,,,,,,,,,,,,,,,,,,,
,,,,,,,,,,,,,,,,,,,,,,,
,,,,,,,,,,,,,,,,,,,,,,,
,,,,,,,,,,,,,,,,,,,,,,,
,,,,,,,,,,,,,,,,,,,,,,,
,,,,,,,,,,,,,,,,,,,,,,,
,,,,,,,,,,,,,,,,,,,,,,,
,,,,,,,,,,,,,,,,,,,,,,,
,,,,,,,,,,,,,,,,,,,,,,,
,,,,,,,,,,,,,,,,,,,,,,,
,,,,,,,,,,,,,,,,,,,,,,,
,,,,,,,,,,,,,,,,,,,,,,,
,,,,,,,,,,,,,,,,,,,,,,,
,,,,,,,,,,,,,,,,,,,,,,,
,,,,,,,,,,,,,,,,,,,,,,,
,,,,,,,,,,,,,,,,,,,,,,,
,,,,,,,,,,,,,,,,,,,,,,,
,,,,,,,,,,,,,,,,,,,,,,,
,,,,,,,,,,,,,,,,,,,,,,,
,,,,,,,,,,,,,,,,,,,,,,,
,,,,,,,,,,,,,,,,,,,,,,,
,,,,,,,,,,,,,,,,,,,,,,,
,,,,,,,,,,,,,,,,,,,,,,,
,,,,,,,,,,,,,,,,,,,,,,,
,,,,,,,,,,,,,,,,,,,,,,,
,,,,,,,,,,,,,,,,,,,,,,,
,,,,,,,,,,,,,,,,,,,,,,,
,,,,,,,,,,,,,,,,,,,,,,,
,,,,,,,,,,,,,,,,,,,,,,,
,,,,,,,,,,,,,,,,,,,,,,,
,,,,,,,,,,,,,,,,,,,,,,,
,,,,,,,,,,,,,,,,,,,,,,,
,,,,,,,,,,,,,,,,,,,,,,,
,,,,,,,,,,,,,,,,,,,,,,,
,,,,,,,,,,,,,,,,,,,,,,,
,,,,,,,,,,,,,,,,,,,,,,,
,,,,,,,,,,,,,,,,,,,,,,,
,,,,,,,,,,,,,,,,,,,,,,,
,,,,,,,,,,,,,,,,,,,,,,,
,,,,,,,,,,,,,,,,,,,,,,,
,,,,,,,,,,,,,,,,,,,,,,,
,,,,,,,,,,,,,,,,,,,,,,,
,,,,,,,,,,,,,,,,,,,,,,,
,,,,,,,,,,,,,,,,,,,,,,,
,,,,,,,,,,,,,,,,,,,,,,,
,,,,,,,,,,,,,,,,,,,,,,,
,,,,,,,,,,,,,,,,,,,,,,,
,,,,,,,,,,,,,,,,,,,,,,,
,,,,,,,,,,,,,,,,,,,,,,,
,,,,,,,,,,,,,,,,,,,,,,,
,,,,,,,,,,,,,,,,,,,,,,,
,,,,,,,,,,,,,,,,,,,,,,,
,,,,,,,,,,,,,,,,,,,,,,,
,,,,,,,,,,,,,,,,,,,,,,,
,,,,,,,,,,,,,,,,,,,,,,,
,,,,,,,,,,,,,,,,,,,,,,,
,,,,,,,,,,,,,,,,,,,,,,,
,,,,,,,,,,,,,,,,,,,,,,,
,,,,,,,,,,,,,,,,,,,,,,,
,,,,,,,,,,,,,,,,,,,,,,,
,,,,,,,,,,,,,,,,,,,,,,,
,,,,,,,,,,,,,,,,,,,,,,,
,,,,,,,,,,,,,,,,,,,,,,,
,,,,,,,,,,,,,,,,,,,,,,,
,,,,,,,,,,,,,,,,,,,,,,,
,,,,,,,,,,,,,,,,,,,,,,,
,,,,,,,,,,,,,,,,,,,,,,,
,,,,,,,,,,,,,,,,,,,,,,,
,,,,,,,,,,,,,,,,,,,,,,,
,,,,,,,,,,,,,,,,,,,,,,,
,,,,,,,,,,,,,,,,,,,,,,,
,,,,,,,,,,,,,,,,,,,,,,,
,,,,,,,,,,,,,,,,,,,,,,,
,,,,,,,,,,,,,,,,,,,,,,,
,,,,,,,,,,,,,,,,,,,,,,,
,,,,,,,,,,,,,,,,,,,,,,,
,,,,,,,,,,,,,,,,,,,,,,,
,,,,,,,,,,,,,,,,,,,,,,,
,,,,,,,,,,,,,,,,,,,,,,,
,,,,,,,,,,,,,,,,,,,,,,,
,,,,,,,,,,,,,,,,,,,,,,,
,,,,,,,,,,,,,,,,,,,,,,,
,,,,,,,,,,,,,,,,,,,,,,,
,,,,,,,,,,,,,,,,,,,,,,,
,,,,,,,,,,,,,,,,,,,,,,,
,,,,,,,,,,,,,,,,,,,,,,,
,,,,,,,,,,,,,,,,,,,,,,,
,,,,,,,,,,,,,,,,,,,,,,,
,,,,,,,,,,,,,,,,,,,,,,,
,,,,,,,,,,,,,,,,,,,,,,,
,,,,,,,,,,,,,,,,,,,,,,,
,,,,,,,,,,,,,,,,,,,,,,,
,,,,,,,,,,,,,,,,,,,,,,,
,,,,,,,,,,,,,,,,,,,,,,,
,,,,,,,,,,,,,,,,,,,,,,,
,,,,,,,,,,,,,,,,,,,,,,,
,,,,,,,,,,,,,,,,,,,,,,,
,,,,,,,,,,,,,,,,,,,,,,,
,,,,,,,,,,,,,,,,,,,,,,,
,,,,,,,,,,,,,,,,,,,,,,,
,,,,,,,,,,,,,,,,,,,,,,,
,,,,,,,,,,,,,,,,,,,,,,,
,,,,,,,,,,,,,,,,,,,,,,,
,,,,,,,,,,,,,,,,,,,,,,,
,,,,,,,,,,,,,,,,,,,,,,,
,,,,,,,,,,,,,,,,,,,,,,,
,,,,,,,,,,,,,,,,,,,,,,,
,,,,,,,,,,,,,,,,,,,,,,,
,,,,,,,,,,,,,,,,,,,,,,,
,,,,,,,,,,,,,,,,,,,,,,,
,,,,,,,,,,,,,,,,,,,,,,,
,,,,,,,,,,,,,,,,,,,,,,,
,,,,,,,,,,,,,,,,,,,,,,,
,,,,,,,,,,,,,,,,,,,,,,,
,,,,,,,,,,,,,,,,,,,,,,,
,,,,,,,,,,,,,,,,,,,,,,,
,,,,,,,,,,,,,,,,,,,,,,,
,,,,,,,,,,,,,,,,,,,,,,,
,,,,,,,,,,,,,,,,,,,,,,,
,,,,,,,,,,,,,,,,,,,,,,,
,,,,,,,,,,,,,,,,,,,,,,,
,,,,,,,,,,,,,,,,,,,,,,,
,,,,,,,,,,,,,,,,,,,,,,,
,,,,,,,,,,,,,,,,,,,,,,,
,,,,,,,,,,,,,,,,,,,,,,,
,,,,,,,,,,,,,,,,,,,,,,,
,,,,,,,,,,,,,,,,,,,,,,,
,,,,,,,,,,,,,,,,,,,,,,,
,,,,,,,,,,,,,,,,,,,,,,,
,,,,,,,,,,,,,,,,,,,,,,,
,,,,,,,,,,,,,,,,,,,,,,,
,,,,,,,,,,,,,,,,,,,,,,,
,,,,,,,,,,,,,,,,,,,,,,,
,,,,,,,,,,,,,,,,,,,,,,,
,,,,,,,,,,,,,,,,,,,,,,,
,,,,,,,,,,,,,,,,,,,,,,,
,,,,,,,,,,,,,,,,,,,,,,,
,,,,,,,,,,,,,,,,,,,,,,,
,,,,,,,,,,,,,,,,,,,,,,,
,,,,,,,,,,,,,,,,,,,,,,,
,,,,,,,,,,,,,,,,,,,,,,,
,,,,,,,,,,,,,,,,,,,,,,,
,,,,,,,,,,,,,,,,,,,,,,,
,,,,,,,,,,,,,,,,,,,,,,,
,,,,,,,,,,,,,,,,,,,,,,,
,,,,,,,,,,,,,,,,,,,,,,,
,,,,,,,,,,,,,,,,,,,,,,,
,,,,,,,,,,,,,,,,,,,,,,,
,,,,,,,,,,,,,,,,,,,,,,,
,,,,,,,,,,,,,,,,,,,,,,,
,,,,,,,,,,,,,,,,,,,,,,,
,,,,,,,,,,,,,,,,,,,,,,,
,,,,,,,,,,,,,,,,,,,,,,,
,,,,,,,,,,,,,,,,,,,,,,,
,,,,,,,,,,,,,,,,,,,,,,,
,,,,,,,,,,,,,,,,,,,,,,,
,,,,,,,,,,,,,,,,,,,,,,,
,,,,,,,,,,,,,,,,,,,,,,,
,,,,,,,,,,,,,,,,,,,,,,,
,,,,,,,,,,,,,,,,,,,,,,,
,,,,,,,,,,,,,,,,,,,,,,,
,,,,,,,,,,,,,,,,,,,,,,,
,,,,,,,,,,,,,,,,,,,,,,,
,,,,,,,,,,,,,,,,,,,,,,,
,,,,,,,,,,,,,,,,,,,,,,,
,,,,,,,,,,,,,,,,,,,,,,,
,,,,,,,,,,,,,,,,,,,,,,,
,,,,,,,,,,,,,,,,,,,,,,,
,,,,,,,,,,,,,,,,,,,,,,,
,,,,,,,,,,,,,,,,,,,,,,,
,,,,,,,,,,,,,,,,,,,,,,,
,,,,,,,,,,,,,,,,,,,,,,,
,,,,,,,,,,,,,,,,,,,,,,,
